N,seed,method,status,mip_gap,K,coverage,throughput_Mbps,p5_rate_Mbps,jain_fairness,solve_time_s
100,10000,rahimi_ev_reimplementation,1,0.9997225151229258,19,1.0,2935.825596111405,10.887550052271466,0.7597858388022026,3.039041599999999
100,10001,rahimi_ev_reimplementation,1,0.9997918314667554,19,1.0,2901.133984627697,11.283777636829496,0.8105371874966502,3.0143482000000006
100,10002,rahimi_ev_reimplementation,0,0.0,5,0.94,5999.482195476892,0,0.6204947328061261,2.669488600000001
100,10003,rahimi_ev_reimplementation,1,0.1666666666666662,6,0.95,7714.360223685008,0,0.5153774627522711,3.0099289999999996
100,10004,rahimi_ev_reimplementation,1,0.16666666666666638,6,0.95,4258.875994889403,0,0.6074464120598955,3.0130300000000005
100,10005,rahimi_ev_reimplementation,0,0.0,5,0.92,7170.054382492414,0,0.48534963140381704,1.7500849999999986
100,10006,rahimi_ev_reimplementation,0,0.0,5,0.94,4272.179005429726,0,0.49824369977108834,1.709423300000001
100,10007,rahimi_ev_reimplementation,0,0.0,5,0.99,4420.863195076492,5.529951653763437,0.5021356673706171,2.240625999999999
100,10008,rahimi_ev_reimplementation,1,0.16666666666666607,6,0.9,5753.493497110032,0,0.5040591388789524,3.013381599999999
100,10009,rahimi_ev_reimplementation,0,0.0,5,0.89,9827.038635970823,0,0.5363012706253464,0.9739105000000023
100,10010,rahimi_ev_reimplementation,1,0.37499999999999944,8,1.0,4715.539309018159,12.03885020604193,0.8045713760386165,3.0119428
100,10011,rahimi_ev_reimplementation,0,0.0,5,0.85,3863.1175618718657,0,0.3674843681613257,1.6534585000000064
100,10012,rahimi_ev_reimplementation,0,0.0,5,0.93,6134.1440831982545,0,0.5928919080868219,2.8859179999999967
100,10013,rahimi_ev_reimplementation,0,0.0,5,0.96,5019.585555780872,0.6498495726221378,0.5341392598097066,2.5019531999999955
100,10014,rahimi_ev_reimplementation,1,0.1666666666666662,6,0.99,4464.709823976031,13.111262074628886,0.7245072007202809,3.0446250999999975
100,10015,rahimi_ev_reimplementation,0,0.0,5,0.89,7693.726211508707,0,0.5877186019866132,1.6779219000000012
100,10016,rahimi_ev_reimplementation,0,0.0,5,0.89,5314.687578577041,0,0.4992257722598314,2.7536178000000007
100,10017,rahimi_ev_reimplementation,1,0.16666666666666,6,1.0,6691.603358727956,19.35650571832878,0.7262333651979719,3.030451499999998
100,10018,rahimi_ev_reimplementation,0,0.0,5,0.88,6294.054752739629,0,0.49328366154266134,1.0967033999999956
100,10019,rahimi_ev_reimplementation,1,0.1666666666666662,6,0.93,5989.094152991989,0,0.5373250564833412,3.013570599999994
100,10020,rahimi_ev_reimplementation,0,0.0,5,0.92,7744.925801540456,0,0.4273265617520925,1.7585172
100,10021,rahimi_ev_reimplementation,0,0.0,5,0.89,6022.702263950631,0,0.4415978382232818,2.0091917999999964
100,10022,rahimi_ev_reimplementation,0,0.0,5,0.86,3021.6034558309184,0,0.42852577018726634,1.4089327000000083
100,10023,rahimi_ev_reimplementation,0,0.0,5,0.95,4181.342989667582,0,0.5357302255678045,1.2135681999999974
100,10024,rahimi_ev_reimplementation,0,0.0,5,0.86,7088.249718303784,0,0.5352464870887602,1.952770000000001
100,10025,rahimi_ev_reimplementation,0,0.0,5,0.95,6617.47854126684,0,0.5583506590504264,1.2361020999999965
100,10026,rahimi_ev_reimplementation,1,0.16666666666666638,6,0.9,5675.853247645882,0,0.5414120896899648,3.0115387999999967
100,10027,rahimi_ev_reimplementation,0,0.0,5,0.9,4735.770844634597,0,0.5900975256989186,2.6112078999999966
100,10028,rahimi_ev_reimplementation,1,0.166666666666664,6,0.95,4870.705669787815,0,0.6507292702183038,3.0064536000000004
100,10029,rahimi_ev_reimplementation,1,0.1666666666666603,6,0.98,9014.411559089865,0.7975870767334803,0.5334159056312253,3.0222358999999983
200,10100,rahimi_ev_reimplementation,1,0.09090909090909075,11,0.915,6024.024942887329,0,0.5489675462024349,4.146154699999997
200,10101,rahimi_ev_reimplementation,1,0.9997370012886937,23,1.0,5041.1626457174925,9.502555983697198,0.742232058776634,3.0222986999999932
200,10102,rahimi_ev_reimplementation,1,0.9993759360958562,24,1.0,5502.298874607198,10.227309772493694,0.6800167349289529,3.010981799999996
200,10103,rahimi_ev_reimplementation,1,0.0,10,0.935,6551.550677019552,0,0.535172463706869,3.3471363999999966
200,10104,rahimi_ev_reimplementation,1,0.0909090909090901,11,0.95,5550.640175040575,0,0.575656819205769,3.201682500000004
200,10105,rahimi_ev_reimplementation,1,0.0,10,0.875,5570.351726798375,0,0.5534848664010842,3.5791427999999996
200,10106,rahimi_ev_reimplementation,1,0.9997144570400617,21,1.0,4941.569192698441,9.590555992449598,0.7561307648765072,3.0640400000000056
200,10107,rahimi_ev_reimplementation,1,0.9997620350760298,23,1.0,5778.252211950759,11.358244436094312,0.7921647001679478,3.0143467000000044
200,10108,rahimi_ev_reimplementation,1,0.9997298903354762,22,1.0,5171.951535334015,11.14463827233111,0.6907660934539496,3.0417984999999987
200,10109,rahimi_ev_reimplementation,1,0.9997960057934354,21,1.0,5234.021261033321,11.320320235555466,0.673654118351029,3.1301624999999973
200,10110,rahimi_ev_reimplementation,1,0.9991683300066534,24,1.0,5562.0753614968,11.546304871351401,0.7009741895171133,3.139750300000003
200,10111,rahimi_ev_reimplementation,1,0.999677658511427,23,1.0,5600.217794833554,10.94293209172063,0.6668037826224837,3.1086356999999936
200,10112,rahimi_ev_reimplementation,1,0.9996431247992577,21,1.0,5253.091855567722,10.251708703656359,0.6821445422818471,3.097047499999988
200,10113,rahimi_ev_reimplementation,1,0.9996877341993505,24,1.0,4406.580182819177,7.219832749001159,0.6871508612214007,3.0248063000000087
200,10114,rahimi_ev_reimplementation,1,0.9997960141158232,23,1.0,4009.953042944947,8.909011812934803,0.6568438699192186,3.08257549999999
200,10115,rahimi_ev_reimplementation,1,0.999092805951193,23,1.0,5527.559024814266,11.621218029557957,0.7106319695121552,3.069640899999996
200,10116,rahimi_ev_reimplementation,1,0.9994742929239827,22,1.0,5051.4480710069465,7.975175311999648,0.6814993177017324,3.0520865000000015
200,10117,rahimi_ev_reimplementation,1,0.0,10,0.935,6767.701675998414,0,0.5850216110106358,4.126250200000015
200,10118,rahimi_ev_reimplementation,0,0.0,10,0.84,4849.679900467478,0,0.3526975480692178,2.943849400000005
200,10119,rahimi_ev_reimplementation,1,0.09090909090909091,11,0.945,5163.614340726468,0,0.48934999901177634,3.087923699999976
200,10120,rahimi_ev_reimplementation,1,0.9997827126157055,22,1.0,6126.757971303186,8.449307316075265,0.6651675565344338,3.0108610000000056
200,10121,rahimi_ev_reimplementation,1,0.0,10,0.9,6231.64597713609,0,0.44296709459745354,4.1816393000000005
200,10122,rahimi_ev_reimplementation,0,0.0,10,0.94,5363.707470876282,0,0.5883255104768856,2.8772345000000144
200,10123,rahimi_ev_reimplementation,1,0.0,10,0.865,7739.379808642568,0,0.5209569668873577,3.5771904000000063
200,10124,rahimi_ev_reimplementation,1,0.0,10,0.875,5146.354796210816,0,0.4049150838892877,3.4890114000000096
200,10125,rahimi_ev_reimplementation,1,0.09090909090909075,11,0.92,5430.071692771048,0,0.4330287782277934,3.2851118999999755
200,10126,rahimi_ev_reimplementation,0,0.0,10,0.835,5140.976933544473,0,0.4675618053027623,2.8455449000000215
200,10127,rahimi_ev_reimplementation,1,0.0,10,0.95,6400.702958674288,0,0.568334564153371,4.2400959
200,10128,rahimi_ev_reimplementation,0,0.0,10,0.92,6885.423173967779,0,0.5400674084364413,2.8736294999999927
200,10129,rahimi_ev_reimplementation,1,0.0,10,0.92,4734.83362908444,0,0.43792585425284203,5.039950199999993
