factor,level,seed,coverage,K,throughput_Mbps,p5_rate_Mbps,jain_fairness,time_s
qos_rmin_mbps,0.5,20000,0.99500000,24,4981.86937168,1.54849518,0.54584307,0.08400000
qos_rmin_mbps,0.5,20001,1.00000000,26,4866.71971953,1.49915636,0.47757837,0.08700000
qos_rmin_mbps,0.5,20002,1.00000000,24,4898.61715622,1.41952854,0.58392392,0.08400000
qos_rmin_mbps,0.5,20003,0.99000000,26,6293.81663297,1.45834224,0.46483927,0.08500000
qos_rmin_mbps,0.5,20004,1.00000000,28,27364.82722050,16.34048079,0.79188590,0.07700000
qos_rmin_mbps,0.5,20005,0.99750000,32,10192.57920653,2.74560057,0.58558610,0.08800000
qos_rmin_mbps,0.5,20006,1.00000000,29,12851.95954149,4.27656980,0.66181834,0.08000000
qos_rmin_mbps,0.5,20007,0.99750000,28,25252.31663671,13.26936320,0.75216133,0.08100000
qos_rmin_mbps,0.5,20008,1.00000000,25,9758.80077258,2.87970644,0.63994084,0.07500000
qos_rmin_mbps,0.5,20009,1.00000000,23,4512.97289468,1.64575602,0.52720551,0.07300000
qos_rmin_mbps,0.5,20010,1.00000000,29,19004.83925792,7.12891397,0.67132471,0.07400000
qos_rmin_mbps,0.5,20011,1.00000000,26,5133.72915191,1.07190111,0.40947180,0.08300000
qos_rmin_mbps,0.5,20012,1.00000000,30,9140.24376163,2.60146443,0.57381234,0.08700000
qos_rmin_mbps,0.5,20013,1.00000000,24,5299.44215717,1.99076282,0.52392662,0.08000000
qos_rmin_mbps,0.5,20014,1.00000000,31,12708.43038909,4.05371947,0.66715842,0.07900000
qos_rmin_mbps,0.5,20015,1.00000000,25,4780.35213883,1.17508964,0.50837943,0.07800000
qos_rmin_mbps,0.5,20016,1.00000000,28,9659.00112852,2.26622204,0.57428303,0.07700000
qos_rmin_mbps,0.5,20017,1.00000000,31,5331.33551290,2.00072586,0.54950919,0.08500000
qos_rmin_mbps,0.5,20018,1.00000000,26,25359.36927115,17.32667205,0.78393757,0.07500000
qos_rmin_mbps,0.5,20019,1.00000000,30,8047.87073370,2.22062670,0.57198344,0.08000000
qos_rmin_mbps,0.5,20020,1.00000000,24,9295.29202823,3.98308645,0.58532460,0.07900000
qos_rmin_mbps,0.5,20021,1.00000000,28,26838.11607076,17.33272785,0.77394815,0.07500000
qos_rmin_mbps,0.5,20022,1.00000000,30,9567.99704118,2.94899859,0.60567742,0.08400000
qos_rmin_mbps,0.5,20023,1.00000000,28,17919.61862167,8.63787735,0.66743724,0.07700000
qos_rmin_mbps,0.5,20024,0.99750000,33,5440.73419882,1.39687031,0.53979721,0.08900000
qos_rmin_mbps,0.5,20025,1.00000000,27,5093.85568473,3.34495765,0.50781802,0.08100000
qos_rmin_mbps,0.5,20026,1.00000000,26,5644.33695746,1.73413372,0.49414915,0.08000000
qos_rmin_mbps,0.5,20027,1.00000000,28,6410.27061814,3.19907367,0.49272753,0.07600000
qos_rmin_mbps,0.5,20028,1.00000000,29,14652.88168147,8.22142140,0.70401103,0.07400000
qos_rmin_mbps,0.5,20029,1.00000000,28,11132.15256508,3.89930739,0.64390147,0.07500000
qos_rmin_mbps,2,20000,0.98750000,26,4494.52530349,3.44593449,0.64442309,0.07500000
qos_rmin_mbps,2,20001,0.99750000,32,24314.42520165,11.70582443,0.73970178,0.07400000
qos_rmin_mbps,2,20002,1.00000000,29,21604.73617300,12.07459925,0.71510942,0.07300000
qos_rmin_mbps,2,20003,1.00000000,32,24504.89359772,13.73005145,0.77258755,0.07800000
qos_rmin_mbps,2,20004,1.00000000,27,27214.65965098,18.05359725,0.79984581,0.07800000
qos_rmin_mbps,2,20005,0.94500000,34,5877.65506818,0.00000000,0.55108541,0.09000000
qos_rmin_mbps,2,20006,0.99500000,33,4980.79768093,3.14767375,0.52323016,0.09100000
qos_rmin_mbps,2,20007,0.99500000,29,27903.71284184,18.47235906,0.78617688,0.08400000
qos_rmin_mbps,2,20008,0.99500000,28,19372.29597491,8.86955159,0.70327394,0.07300000
qos_rmin_mbps,2,20009,0.99500000,30,23728.14648243,10.96081025,0.74070240,0.08000000
qos_rmin_mbps,2,20010,1.00000000,27,27948.42609827,14.77458056,0.76804047,0.07900000
qos_rmin_mbps,2,20011,0.98250000,29,13546.89693847,6.95027824,0.65471918,0.08400000
qos_rmin_mbps,2,20012,0.98000000,32,12913.32055015,7.07827657,0.64421444,0.08000000
qos_rmin_mbps,2,20013,0.98500000,29,4796.26357735,3.06601234,0.55651323,0.08100000
qos_rmin_mbps,2,20014,0.96500000,33,9413.28390993,2.50231297,0.61761033,0.08400000
qos_rmin_mbps,2,20015,1.00000000,29,25079.36039692,14.27425375,0.77519125,0.07600000
qos_rmin_mbps,2,20016,0.98500000,28,5259.49440237,3.06685096,0.51687639,0.07800000
qos_rmin_mbps,2,20017,0.97250000,37,4917.37892755,2.79117847,0.55499934,0.09700000
qos_rmin_mbps,2,20018,0.99500000,33,13169.96849518,5.03876198,0.67133491,0.08600000
qos_rmin_mbps,2,20019,1.00000000,28,4067.69081834,3.60983316,0.58330327,0.08000000
qos_rmin_mbps,2,20020,0.99750000,28,26276.94083347,15.86428900,0.77135384,0.07400000
qos_rmin_mbps,2,20021,0.99500000,30,18021.12105326,9.82891514,0.67416463,0.08200000
qos_rmin_mbps,2,20022,0.97750000,33,9269.16476739,2.92479533,0.59442002,0.08700000
qos_rmin_mbps,2,20023,0.96000000,29,4863.22871970,2.67805169,0.57538812,0.08200000
qos_rmin_mbps,2,20024,0.95250000,36,11401.00282023,2.13637278,0.59213899,0.08900000
qos_rmin_mbps,2,20025,1.00000000,29,25888.02525336,16.94816997,0.76674190,0.07900000
qos_rmin_mbps,2,20026,0.97000000,29,5107.32396493,2.54880209,0.51385248,0.08600000
qos_rmin_mbps,2,20027,0.99250000,35,6065.16974704,3.25804296,0.49590490,0.09200000
qos_rmin_mbps,2,20028,0.99750000,33,20542.84249017,12.34624698,0.73550458,0.07700000
qos_rmin_mbps,2,20029,0.98500000,29,3943.54575165,2.63930600,0.54526385,0.08300000
qos_rmin_mbps,5,20000,0.90000000,29,5034.52699915,0.00000000,0.55685090,0.07800000
qos_rmin_mbps,5,20001,0.98250000,29,27565.57534594,13.87236111,0.76313153,0.07700000
qos_rmin_mbps,5,20002,0.99500000,29,27227.65352960,17.36712463,0.78585212,0.07800000
qos_rmin_mbps,5,20003,0.99750000,33,24398.72393233,16.06107877,0.76135855,0.08300000
qos_rmin_mbps,5,20004,1.00000000,29,27253.22330313,16.67032723,0.78274439,0.07400000
qos_rmin_mbps,5,20005,0.96500000,30,24261.43956666,11.04313717,0.75455522,0.07600000
qos_rmin_mbps,5,20006,0.88750000,31,9925.96641349,0.00000000,0.61561069,0.07800000
qos_rmin_mbps,5,20007,0.99500000,28,27392.99974871,16.56124477,0.78357355,0.07800000
qos_rmin_mbps,5,20008,0.99000000,32,25894.58083435,15.59589047,0.76522233,0.07500000
qos_rmin_mbps,5,20009,0.99500000,28,24791.74591229,16.97391952,0.79056552,0.07400000
qos_rmin_mbps,5,20010,0.99250000,32,23710.79499625,14.63059008,0.75407050,0.07700000
qos_rmin_mbps,5,20011,0.97750000,28,27112.06259539,16.36119512,0.76650768,0.07700000
qos_rmin_mbps,5,20012,0.98500000,32,23401.87044686,11.53593398,0.75347478,0.07800000
qos_rmin_mbps,5,20013,0.98500000,29,25144.74801856,16.33031638,0.77289354,0.07100000
qos_rmin_mbps,5,20014,0.91000000,30,10461.59116654,0.00000000,0.60706015,0.07900000
qos_rmin_mbps,5,20015,0.95250000,30,23300.66077633,5.23338373,0.74050836,0.07500000
qos_rmin_mbps,5,20016,0.99750000,30,27590.99795965,18.58272783,0.80591769,0.07300000
qos_rmin_mbps,5,20017,0.98750000,28,27702.84722525,16.45344680,0.78521239,0.07400000
qos_rmin_mbps,5,20018,1.00000000,30,25497.21691219,15.62871227,0.76725485,0.07400000
qos_rmin_mbps,5,20019,0.99750000,32,26867.85124410,17.00841040,0.78743182,0.07700000
qos_rmin_mbps,5,20020,0.98500000,29,26252.22088429,13.45634882,0.78120684,0.07600000
qos_rmin_mbps,5,20021,0.99500000,29,27453.63219491,18.50508561,0.78581415,0.08100000
qos_rmin_mbps,5,20022,0.97250000,29,23911.46535009,9.45921463,0.72343636,0.08100000
qos_rmin_mbps,5,20023,0.98250000,29,26014.57852031,15.82624864,0.75014916,0.07200000
qos_rmin_mbps,5,20024,0.87750000,33,11494.85310910,0.00000000,0.57206933,0.08200000
qos_rmin_mbps,5,20025,0.98000000,28,25898.40476434,13.77438783,0.76527826,0.07200000
qos_rmin_mbps,5,20026,0.89750000,31,5265.28371126,0.00000000,0.52661690,0.08500000
qos_rmin_mbps,5,20027,0.99000000,28,25333.63576180,13.97597718,0.74442097,0.07200000
qos_rmin_mbps,5,20028,0.96750000,25,24090.97644892,9.19855483,0.72840915,0.07000000
qos_rmin_mbps,5,20029,0.99250000,30,24904.11975565,13.55308140,0.75645547,0.07700000
capacity_users,10,20000,0.93000000,38,8518.60342992,0.00000000,0.48640235,0.07600000
capacity_users,10,20001,0.92250000,38,5509.55565819,0.00000000,0.42825880,0.08500000
capacity_users,10,20002,0.92750000,38,7358.88753901,0.00000000,0.54524440,0.12800000
capacity_users,10,20003,0.90250000,38,8794.73556322,0.00000000,0.52757150,0.08700000
capacity_users,10,20004,0.93750000,38,8767.99473985,0.00000000,0.56529228,0.08100000
capacity_users,10,20005,0.93250000,38,7591.69435662,0.00000000,0.52688848,0.08400000
capacity_users,10,20006,0.92250000,38,7158.17758154,0.00000000,0.54230617,0.08300000
capacity_users,10,20007,0.93750000,39,5041.24679590,0.00000000,0.45632875,0.08900000
capacity_users,10,20008,0.93500000,39,5596.21415919,0.00000000,0.52824505,0.08300000
capacity_users,10,20009,0.93000000,39,4687.61131460,0.00000000,0.49198343,0.08400000
capacity_users,10,20010,0.93000000,38,9261.01940614,0.00000000,0.54140629,0.07700000
capacity_users,10,20011,0.91250000,38,7835.58535392,0.00000000,0.49276808,0.08500000
capacity_users,10,20012,0.90500000,38,7761.49535763,0.00000000,0.52513517,0.08100000
capacity_users,10,20013,0.92000000,38,7590.05501536,0.00000000,0.54636781,0.07800000
capacity_users,10,20014,0.92250000,38,8164.55898378,0.00000000,0.54585366,0.07800000
capacity_users,10,20015,0.94750000,39,5162.45893743,0.00000000,0.53529547,0.08300000
capacity_users,10,20016,0.94250000,39,4628.41676707,0.00000000,0.52385027,0.08400000
capacity_users,10,20017,0.91000000,37,10983.40314026,0.00000000,0.57147192,0.07600000
capacity_users,10,20018,0.92000000,38,7898.39578369,0.00000000,0.47967840,0.09800000
capacity_users,10,20019,0.91000000,37,9460.72226901,0.00000000,0.56727875,0.07900000
capacity_users,10,20020,0.92250000,38,7809.47094900,0.00000000,0.53336143,0.08300000
capacity_users,10,20021,0.93500000,38,7468.38258276,0.00000000,0.51080275,0.08800000
capacity_users,10,20022,0.94000000,38,6941.08024036,0.00000000,0.56382553,0.08600000
capacity_users,10,20023,0.92000000,39,2771.98906920,0.00000000,0.40800534,0.09400000
capacity_users,10,20024,0.92250000,37,10408.13336007,0.00000000,0.53775565,0.08000000
capacity_users,10,20025,0.92250000,38,7293.23411820,0.00000000,0.53763898,0.08100000
capacity_users,10,20026,0.93000000,38,7274.10703063,0.00000000,0.53251655,0.08100000
capacity_users,10,20027,0.93750000,39,5771.44327390,0.00000000,0.47107279,0.09000000
capacity_users,10,20028,0.92750000,38,7416.36094246,0.00000000,0.53512687,0.08500000
capacity_users,10,20029,0.92250000,38,7023.79249915,0.00000000,0.52852287,0.08300000
capacity_users,20,20000,0.99500000,24,4981.86937168,1.54849518,0.54584307,0.07400000
capacity_users,20,20001,1.00000000,26,4866.71971953,1.49915636,0.47757837,0.08000000
capacity_users,20,20002,1.00000000,24,4898.61715622,1.41952854,0.58392392,0.07800000
capacity_users,20,20003,0.99000000,26,6293.81663297,1.45834224,0.46483927,0.07700000
capacity_users,20,20004,1.00000000,28,27364.82722050,16.34048079,0.79188590,0.07300000
capacity_users,20,20005,0.99750000,32,10192.57920653,2.74560057,0.58558610,0.08300000
capacity_users,20,20006,1.00000000,29,12851.95954149,4.27656980,0.66181834,0.08100000
capacity_users,20,20007,0.99750000,28,25252.31663671,13.26936320,0.75216133,0.07700000
capacity_users,20,20008,1.00000000,25,9758.80077258,2.87970644,0.63994084,0.07100000
capacity_users,20,20009,1.00000000,23,4512.97289468,1.64575602,0.52720551,0.07700000
capacity_users,20,20010,1.00000000,29,19004.83925792,7.12891397,0.67132471,0.07300000
capacity_users,20,20011,1.00000000,26,5133.72915191,1.07190111,0.40947180,0.08200000
capacity_users,20,20012,1.00000000,30,9140.24376163,2.60146443,0.57381234,0.08200000
capacity_users,20,20013,1.00000000,24,5299.44215717,1.99076282,0.52392662,0.08100000
capacity_users,20,20014,1.00000000,31,12708.43038909,4.05371947,0.66715842,0.08100000
capacity_users,20,20015,1.00000000,25,4780.35213883,1.17508964,0.50837943,0.07900000
capacity_users,20,20016,1.00000000,28,9659.00112852,2.26622204,0.57428303,0.07500000
capacity_users,20,20017,1.00000000,31,5331.33551290,2.00072586,0.54950919,0.08200000
capacity_users,20,20018,1.00000000,26,25359.36927115,17.32667205,0.78393757,0.07300000
capacity_users,20,20019,1.00000000,30,8047.87073370,2.22062670,0.57198344,0.07800000
capacity_users,20,20020,1.00000000,24,9295.29202823,3.98308645,0.58532460,0.07300000
capacity_users,20,20021,1.00000000,28,26838.11607076,17.33272785,0.77394815,0.07200000
capacity_users,20,20022,1.00000000,30,9567.99704118,2.94899859,0.60567742,0.08100000
capacity_users,20,20023,1.00000000,28,17919.61862167,8.63787735,0.66743724,0.07200000
capacity_users,20,20024,0.99750000,33,5440.73419882,1.39687031,0.53979721,0.08500000
capacity_users,20,20025,1.00000000,27,5093.85568473,3.34495765,0.50781802,0.07900000
capacity_users,20,20026,1.00000000,26,5644.33695746,1.73413372,0.49414915,0.07900000
capacity_users,20,20027,1.00000000,28,6410.27061814,3.19907367,0.49272753,0.07700000
capacity_users,20,20028,1.00000000,29,14652.88168147,8.22142140,0.70401103,0.07700000
capacity_users,20,20029,1.00000000,28,11132.15256508,3.89930739,0.64390147,0.08300000
capacity_users,30,20000,1.00000000,20,6742.17014441,4.20616887,0.60298274,0.07200000
capacity_users,30,20001,1.00000000,25,11644.64488930,5.46357184,0.62048489,0.08000000
capacity_users,30,20002,1.00000000,26,28505.30847936,18.21191555,0.75737687,0.07400000
capacity_users,30,20003,1.00000000,26,28905.83265373,17.34494157,0.77787495,0.07700000
capacity_users,30,20004,1.00000000,26,27764.77639666,17.88407781,0.79361095,0.07800000
capacity_users,30,20005,1.00000000,26,28639.74724346,18.91428540,0.79371880,0.07600000
capacity_users,30,20006,1.00000000,27,26770.50979039,18.92848169,0.78680011,0.07700000
capacity_users,30,20007,1.00000000,26,16627.29395518,6.19449493,0.68436707,0.08100000
capacity_users,30,20008,1.00000000,28,25337.47441609,17.09275171,0.77676529,0.07600000
capacity_users,30,20009,1.00000000,23,28251.94422680,17.96591576,0.75749654,0.06900000
capacity_users,30,20010,1.00000000,26,28342.50180416,16.27545070,0.77653926,0.07300000
capacity_users,30,20011,1.00000000,23,6340.53418894,1.50430682,0.51302567,0.07700000
capacity_users,30,20012,1.00000000,24,27452.80154738,16.28193378,0.76320563,0.07100000
capacity_users,30,20013,1.00000000,24,27745.46616782,15.21898051,0.76130834,0.07000000
capacity_users,30,20014,1.00000000,25,30041.72635741,18.62512329,0.78773298,0.07400000
capacity_users,30,20015,1.00000000,26,26238.74728619,17.54208126,0.78342143,0.07600000
capacity_users,30,20016,1.00000000,28,27756.62144767,17.80567119,0.76550373,0.07200000
capacity_users,30,20017,1.00000000,25,27653.24556926,17.88175534,0.78419880,0.07500000
capacity_users,30,20018,1.00000000,25,27457.69178624,15.63054392,0.77716300,0.07800000
capacity_users,30,20019,1.00000000,27,27511.92935315,19.53051473,0.78445509,0.07600000
capacity_users,30,20020,1.00000000,25,28503.68067823,17.45020880,0.77117859,0.08000000
capacity_users,30,20021,1.00000000,25,29094.50220102,18.96209842,0.78779388,0.07800000
capacity_users,30,20022,1.00000000,23,25091.30145460,12.24894995,0.74271170,0.07600000
capacity_users,30,20023,1.00000000,27,27717.60569896,18.78881299,0.79691393,0.07700000
capacity_users,30,20024,1.00000000,26,28436.84795584,18.08697723,0.78647423,0.07600000
capacity_users,30,20025,1.00000000,28,27177.50311369,16.52768400,0.77050332,0.07800000
capacity_users,30,20026,1.00000000,25,26523.56826431,17.71292113,0.78611271,0.07800000
capacity_users,30,20027,1.00000000,24,26904.89390394,17.41346799,0.77248265,0.07400000
capacity_users,30,20028,1.00000000,23,27586.27294750,13.95367185,0.73687703,0.07700000
capacity_users,30,20029,1.00000000,22,28332.24696064,15.07572468,0.77968709,0.14600000
fleet_cost_lambda_k,25,20000,0.99500000,25,5038.29399539,1.55376581,0.54579649,0.08600000
fleet_cost_lambda_k,25,20001,1.00000000,27,4942.02267439,1.49915636,0.48315099,0.09700000
fleet_cost_lambda_k,25,20002,1.00000000,32,4485.72724714,2.15277889,0.61260377,0.10600000
fleet_cost_lambda_k,25,20003,0.99000000,26,6293.81663297,1.45834224,0.46483927,0.09600000
fleet_cost_lambda_k,25,20004,1.00000000,33,27025.77953167,17.47776141,0.79220754,0.09100000
fleet_cost_lambda_k,25,20005,0.99750000,32,10192.57920653,2.74560057,0.58558610,0.09800000
fleet_cost_lambda_k,25,20006,1.00000000,30,5284.62242472,2.27639469,0.51482272,0.13100000
fleet_cost_lambda_k,25,20007,0.99750000,28,25252.31663671,13.26936320,0.75216133,0.12500000
fleet_cost_lambda_k,25,20008,1.00000000,32,9700.46968196,3.34705235,0.61634017,0.10100000
fleet_cost_lambda_k,25,20009,1.00000000,26,4671.20191266,1.69851161,0.51671061,0.09200000
fleet_cost_lambda_k,25,20010,1.00000000,33,18374.48496734,9.54188275,0.67676060,0.09500000
fleet_cost_lambda_k,25,20011,1.00000000,24,5283.71474140,1.13096034,0.41761328,0.09400000
fleet_cost_lambda_k,25,20012,1.00000000,32,9890.59616068,2.38505160,0.55871633,0.10700000
fleet_cost_lambda_k,25,20013,1.00000000,25,5134.59087110,2.93672659,0.55393900,0.10000000
fleet_cost_lambda_k,25,20014,1.00000000,32,12746.97842328,3.99871975,0.67014572,0.09500000
fleet_cost_lambda_k,25,20015,1.00000000,31,4684.19229481,1.08334960,0.54036319,0.09400000
fleet_cost_lambda_k,25,20016,1.00000000,28,9659.00112852,2.26622204,0.57428303,0.08700000
fleet_cost_lambda_k,25,20017,1.00000000,31,5331.33551290,2.00072586,0.54950919,0.08800000
fleet_cost_lambda_k,25,20018,1.00000000,27,25660.68696678,14.84988111,0.76762749,0.08500000
fleet_cost_lambda_k,25,20019,1.00000000,31,8124.05573735,2.20053583,0.57745132,0.08900000
fleet_cost_lambda_k,25,20020,0.99750000,27,5673.34657265,1.48580639,0.52811395,0.08400000
fleet_cost_lambda_k,25,20021,1.00000000,28,26838.11607076,17.33272785,0.77394815,0.08000000
fleet_cost_lambda_k,25,20022,1.00000000,30,9853.99828928,3.10553668,0.60894631,0.08800000
fleet_cost_lambda_k,25,20023,1.00000000,28,18245.11167185,9.85830332,0.67946402,0.07900000
fleet_cost_lambda_k,25,20024,0.99750000,33,5440.73419882,1.39687031,0.53979721,0.08900000
fleet_cost_lambda_k,25,20025,1.00000000,32,4705.84405825,3.04764591,0.50339318,0.08800000
fleet_cost_lambda_k,25,20026,1.00000000,26,5644.33695746,1.73413372,0.49414915,0.07900000
fleet_cost_lambda_k,25,20027,1.00000000,28,6410.27061814,3.19907367,0.49272753,0.07800000
fleet_cost_lambda_k,25,20028,1.00000000,34,9672.77608114,7.16530692,0.62110711,0.08600000
fleet_cost_lambda_k,25,20029,1.00000000,26,4077.05003798,2.68429181,0.54894226,0.08200000
fleet_cost_lambda_k,100,20000,0.99500000,24,4981.86937168,1.54849518,0.54584307,0.07900000
fleet_cost_lambda_k,100,20001,1.00000000,26,4866.71971953,1.49915636,0.47757837,0.08000000
fleet_cost_lambda_k,100,20002,1.00000000,24,4898.61715622,1.41952854,0.58392392,0.07700000
fleet_cost_lambda_k,100,20003,0.99000000,26,6293.81663297,1.45834224,0.46483927,0.08000000
fleet_cost_lambda_k,100,20004,1.00000000,28,27364.82722050,16.34048079,0.79188590,0.07200000
fleet_cost_lambda_k,100,20005,0.99750000,32,10192.57920653,2.74560057,0.58558610,0.08400000
fleet_cost_lambda_k,100,20006,1.00000000,29,12851.95954149,4.27656980,0.66181834,0.07900000
fleet_cost_lambda_k,100,20007,0.99750000,28,25252.31663671,13.26936320,0.75216133,0.07800000
fleet_cost_lambda_k,100,20008,1.00000000,25,9758.80077258,2.87970644,0.63994084,0.07200000
fleet_cost_lambda_k,100,20009,1.00000000,23,4512.97289468,1.64575602,0.52720551,0.07100000
fleet_cost_lambda_k,100,20010,1.00000000,29,19004.83925792,7.12891397,0.67132471,0.07900000
fleet_cost_lambda_k,100,20011,1.00000000,26,5133.72915191,1.07190111,0.40947180,0.08100000
fleet_cost_lambda_k,100,20012,1.00000000,30,9140.24376163,2.60146443,0.57381234,0.08300000
fleet_cost_lambda_k,100,20013,1.00000000,24,5299.44215717,1.99076282,0.52392662,0.08100000
fleet_cost_lambda_k,100,20014,1.00000000,31,12708.43038909,4.05371947,0.66715842,0.08900000
fleet_cost_lambda_k,100,20015,1.00000000,25,4780.35213883,1.17508964,0.50837943,0.08800000
fleet_cost_lambda_k,100,20016,1.00000000,28,9659.00112852,2.26622204,0.57428303,0.08600000
fleet_cost_lambda_k,100,20017,1.00000000,31,5331.33551290,2.00072586,0.54950919,0.08700000
fleet_cost_lambda_k,100,20018,1.00000000,26,25359.36927115,17.32667205,0.78393757,0.07600000
fleet_cost_lambda_k,100,20019,1.00000000,30,8047.87073370,2.22062670,0.57198344,0.08400000
fleet_cost_lambda_k,100,20020,1.00000000,24,9295.29202823,3.98308645,0.58532460,0.08000000
fleet_cost_lambda_k,100,20021,1.00000000,28,26838.11607076,17.33272785,0.77394815,0.07700000
fleet_cost_lambda_k,100,20022,1.00000000,30,9567.99704118,2.94899859,0.60567742,0.08100000
fleet_cost_lambda_k,100,20023,1.00000000,28,17919.61862167,8.63787735,0.66743724,0.07400000
fleet_cost_lambda_k,100,20024,0.99750000,33,5440.73419882,1.39687031,0.53979721,0.09100000
fleet_cost_lambda_k,100,20025,1.00000000,27,5093.85568473,3.34495765,0.50781802,0.08000000
fleet_cost_lambda_k,100,20026,1.00000000,26,5644.33695746,1.73413372,0.49414915,0.08500000
fleet_cost_lambda_k,100,20027,1.00000000,28,6410.27061814,3.19907367,0.49272753,0.07800000
fleet_cost_lambda_k,100,20028,1.00000000,29,14652.88168147,8.22142140,0.70401103,0.07900000
fleet_cost_lambda_k,100,20029,1.00000000,28,11132.15256508,3.89930739,0.64390147,0.07600000
fleet_cost_lambda_k,400,20000,0.99750000,24,4240.75833325,1.29576366,0.65212717,0.07700000
fleet_cost_lambda_k,400,20001,1.00000000,26,4866.71971953,1.49915636,0.47757837,0.07700000
fleet_cost_lambda_k,400,20002,1.00000000,24,4423.53894131,1.93518097,0.63991688,0.08000000
fleet_cost_lambda_k,400,20003,0.99000000,26,6293.81663297,1.45834224,0.46483927,0.08000000
fleet_cost_lambda_k,400,20004,1.00000000,25,19244.42337918,8.25201104,0.68181925,0.07300000
fleet_cost_lambda_k,400,20005,0.99750000,32,10192.57920653,2.74560057,0.58558610,0.08800000
fleet_cost_lambda_k,400,20006,1.00000000,30,7836.48130641,2.71310974,0.58021541,0.08300000
fleet_cost_lambda_k,400,20007,0.99250000,26,24709.46707706,12.27827471,0.73064041,0.08100000
fleet_cost_lambda_k,400,20008,1.00000000,24,8985.68258135,2.63355294,0.61147251,0.07400000
fleet_cost_lambda_k,400,20009,1.00000000,23,4512.97289468,1.64575602,0.52720551,0.07500000
fleet_cost_lambda_k,400,20010,1.00000000,24,18343.91800821,2.95804886,0.62887559,0.06900000
fleet_cost_lambda_k,400,20011,1.00000000,24,8589.52885184,3.24526595,0.58058476,0.07800000
fleet_cost_lambda_k,400,20012,1.00000000,26,8493.07778892,1.96314759,0.53426359,0.07700000
fleet_cost_lambda_k,400,20013,1.00000000,23,4987.34861346,1.44183900,0.45329068,0.07800000
fleet_cost_lambda_k,400,20014,1.00000000,26,11534.40551444,2.39021982,0.65722241,0.07800000
fleet_cost_lambda_k,400,20015,1.00000000,24,8730.95123588,1.96538666,0.55412313,0.08100000
fleet_cost_lambda_k,400,20016,1.00000000,28,9321.55918147,1.49057437,0.55770914,0.07900000
fleet_cost_lambda_k,400,20017,1.00000000,30,5042.03497010,2.00778130,0.56575554,0.08200000
fleet_cost_lambda_k,400,20018,1.00000000,25,25295.09410333,15.01553400,0.78279418,0.07700000
fleet_cost_lambda_k,400,20019,1.00000000,28,8132.95239545,2.06094087,0.54866245,0.08000000
fleet_cost_lambda_k,400,20020,0.99750000,24,9917.91527563,1.90960239,0.56237327,0.08100000
fleet_cost_lambda_k,400,20021,1.00000000,27,24110.94980435,12.33260103,0.73027680,0.07500000
fleet_cost_lambda_k,400,20022,1.00000000,30,9015.68338979,2.94899859,0.57588230,0.08500000
fleet_cost_lambda_k,400,20023,1.00000000,28,17757.70605187,9.40381399,0.66590334,0.07600000
fleet_cost_lambda_k,400,20024,0.99750000,33,5224.72987263,1.37859508,0.53101138,0.09200000
fleet_cost_lambda_k,400,20025,1.00000000,25,4644.53879375,2.36495994,0.52710388,0.07900000
fleet_cost_lambda_k,400,20026,1.00000000,26,5644.33695746,1.73413372,0.49414915,0.08200000
fleet_cost_lambda_k,400,20027,1.00000000,26,6102.39954900,3.25845751,0.52131304,0.07700000
fleet_cost_lambda_k,400,20028,1.00000000,26,11087.97908845,2.97466383,0.62743188,0.07600000
fleet_cost_lambda_k,400,20029,1.00000000,25,10878.21640673,3.12180085,0.63098655,0.08000000
altitude_hmax_m,80,20000,1.00000000,27,25467.56452493,17.38410178,0.78992381,0.07100000
altitude_hmax_m,80,20001,0.99750000,24,4747.36282919,2.93174973,0.47328604,0.07700000
altitude_hmax_m,80,20002,1.00000000,23,5109.62681245,1.91096262,0.54337712,0.07700000
altitude_hmax_m,80,20003,0.98500000,26,9312.61255119,1.29294384,0.52482296,0.07900000
altitude_hmax_m,80,20004,1.00000000,27,24434.82838051,13.28769427,0.72707423,0.07200000
altitude_hmax_m,80,20005,0.99500000,25,6041.08353298,1.85273779,0.47904941,0.07700000
altitude_hmax_m,80,20006,1.00000000,25,5789.73855489,2.23878060,0.49203728,0.07600000
altitude_hmax_m,80,20007,0.99500000,25,5110.65072375,1.20899689,0.41471925,0.08000000
altitude_hmax_m,80,20008,1.00000000,25,5377.23859304,1.90251288,0.51300758,0.07800000
altitude_hmax_m,80,20009,0.99750000,24,4403.67358217,2.01971944,0.56297170,0.07500000
altitude_hmax_m,80,20010,1.00000000,29,26535.94937897,15.83738323,0.77552159,0.07300000
altitude_hmax_m,80,20011,0.99750000,27,9383.78309430,2.43966487,0.53170666,0.07800000
altitude_hmax_m,80,20012,1.00000000,25,4710.91901753,1.41727829,0.44026218,0.08100000
altitude_hmax_m,80,20013,1.00000000,24,5408.76998813,1.53820726,0.52456297,0.08000000
altitude_hmax_m,80,20014,1.00000000,25,6007.57262054,1.66714868,0.47265626,0.08400000
altitude_hmax_m,80,20015,1.00000000,28,9722.90533355,3.39350659,0.52174826,0.07800000
altitude_hmax_m,80,20016,1.00000000,28,9825.34656657,1.82415999,0.54318842,0.07600000
altitude_hmax_m,80,20017,0.99000000,23,5470.93742329,1.32837702,0.51718519,0.07600000
altitude_hmax_m,80,20018,1.00000000,26,10073.92392610,2.68710611,0.54950803,0.07300000
altitude_hmax_m,80,20019,1.00000000,25,9217.34462444,3.53661638,0.51704664,0.07200000
altitude_hmax_m,80,20020,0.99750000,24,5758.91816761,1.72594962,0.48645026,0.07500000
altitude_hmax_m,80,20021,0.99250000,25,4933.31171908,1.44406162,0.36853420,0.07700000
altitude_hmax_m,80,20022,0.99500000,25,5528.68553932,1.97877863,0.45108104,0.07800000
altitude_hmax_m,80,20023,0.99750000,25,4520.63402816,2.14531919,0.52055747,0.07300000
altitude_hmax_m,80,20024,1.00000000,30,16893.95940976,2.97818368,0.66458269,0.08000000
altitude_hmax_m,80,20025,1.00000000,26,5190.02035305,2.56235070,0.48057204,0.08000000
altitude_hmax_m,80,20026,1.00000000,26,5551.93240469,2.45075876,0.45368860,0.07800000
altitude_hmax_m,80,20027,0.99750000,24,5489.21935626,2.30887613,0.43833230,0.07700000
altitude_hmax_m,80,20028,0.99250000,24,5513.49955991,2.53920337,0.43661354,0.07300000
altitude_hmax_m,80,20029,1.00000000,33,4056.29112648,1.90132528,0.53990340,0.08400000
altitude_hmax_m,150,20000,0.99500000,24,4981.86937168,1.54849518,0.54584307,0.07200000
altitude_hmax_m,150,20001,1.00000000,26,4866.71971953,1.49915636,0.47757837,0.07600000
altitude_hmax_m,150,20002,1.00000000,24,4898.61715622,1.41952854,0.58392392,0.07800000
altitude_hmax_m,150,20003,0.99000000,26,6293.81663297,1.45834224,0.46483927,0.07700000
altitude_hmax_m,150,20004,1.00000000,28,27364.82722050,16.34048079,0.79188590,0.07600000
altitude_hmax_m,150,20005,0.99750000,32,10192.57920653,2.74560057,0.58558610,0.08500000
altitude_hmax_m,150,20006,1.00000000,29,12851.95954149,4.27656980,0.66181834,0.08500000
altitude_hmax_m,150,20007,0.99750000,28,25252.31663671,13.26936320,0.75216133,0.08100000
altitude_hmax_m,150,20008,1.00000000,25,9758.80077258,2.87970644,0.63994084,0.07600000
altitude_hmax_m,150,20009,1.00000000,23,4512.97289468,1.64575602,0.52720551,0.07600000
altitude_hmax_m,150,20010,1.00000000,29,19004.83925792,7.12891397,0.67132471,0.07600000
altitude_hmax_m,150,20011,1.00000000,26,5133.72915191,1.07190111,0.40947180,0.08200000
altitude_hmax_m,150,20012,1.00000000,30,9140.24376163,2.60146443,0.57381234,0.08400000
altitude_hmax_m,150,20013,1.00000000,24,5299.44215717,1.99076282,0.52392662,0.08100000
altitude_hmax_m,150,20014,1.00000000,31,12708.43038909,4.05371947,0.66715842,0.08200000
altitude_hmax_m,150,20015,1.00000000,25,4780.35213883,1.17508964,0.50837943,0.07900000
altitude_hmax_m,150,20016,1.00000000,28,9659.00112852,2.26622204,0.57428303,0.07800000
altitude_hmax_m,150,20017,1.00000000,31,5331.33551290,2.00072586,0.54950919,0.08500000
altitude_hmax_m,150,20018,1.00000000,26,25359.36927115,17.32667205,0.78393757,0.07500000
altitude_hmax_m,150,20019,1.00000000,30,8047.87073370,2.22062670,0.57198344,0.08000000
altitude_hmax_m,150,20020,1.00000000,24,9295.29202823,3.98308645,0.58532460,0.07700000
altitude_hmax_m,150,20021,1.00000000,28,26838.11607076,17.33272785,0.77394815,0.07400000
altitude_hmax_m,150,20022,1.00000000,30,9567.99704118,2.94899859,0.60567742,0.08500000
altitude_hmax_m,150,20023,1.00000000,28,17919.61862167,8.63787735,0.66743724,0.07400000
altitude_hmax_m,150,20024,0.99750000,33,5440.73419882,1.39687031,0.53979721,0.08500000
altitude_hmax_m,150,20025,1.00000000,27,5093.85568473,3.34495765,0.50781802,0.08000000
altitude_hmax_m,150,20026,1.00000000,26,5644.33695746,1.73413372,0.49414915,0.08000000
altitude_hmax_m,150,20027,1.00000000,28,6410.27061814,3.19907367,0.49272753,0.07700000
altitude_hmax_m,150,20028,1.00000000,29,14652.88168147,8.22142140,0.70401103,0.07500000
altitude_hmax_m,150,20029,1.00000000,28,11132.15256508,3.89930739,0.64390147,0.07400000
altitude_hmax_m,250,20000,1.00000000,28,26983.77526347,15.31193916,0.77326731,0.07300000
altitude_hmax_m,250,20001,1.00000000,26,4952.64316583,1.64517301,0.48057272,0.07700000
altitude_hmax_m,250,20002,1.00000000,23,4643.56259544,1.39738092,0.58650009,0.07700000
altitude_hmax_m,250,20003,0.99500000,29,6033.33801596,1.38656103,0.48820039,0.08600000
altitude_hmax_m,250,20004,1.00000000,27,28450.61218272,16.03080532,0.76393015,0.07600000
altitude_hmax_m,250,20005,1.00000000,29,25368.01947360,14.70832692,0.76176771,0.07600000
altitude_hmax_m,250,20006,1.00000000,26,5009.49931475,2.11224125,0.49202429,0.07700000
altitude_hmax_m,250,20007,0.99750000,26,4630.33417938,1.18869590,0.48049751,0.07900000
altitude_hmax_m,250,20008,1.00000000,35,16210.81294684,8.62413539,0.72877691,0.08000000
altitude_hmax_m,250,20009,1.00000000,28,8368.95015869,2.44050225,0.58442338,0.07900000
altitude_hmax_m,250,20010,1.00000000,28,20520.53678881,10.97015458,0.68554358,0.07400000
altitude_hmax_m,250,20011,1.00000000,25,4896.40035001,1.24817368,0.41638360,0.08200000
altitude_hmax_m,250,20012,1.00000000,30,9486.95867405,3.06456459,0.58122496,0.08300000
altitude_hmax_m,250,20013,1.00000000,25,5090.36116174,2.33987830,0.53829378,0.07800000
altitude_hmax_m,250,20014,1.00000000,32,22133.19692690,14.95916323,0.75086698,0.08000000
altitude_hmax_m,250,20015,1.00000000,27,26800.69876284,16.25514427,0.78097778,0.06900000
altitude_hmax_m,250,20016,1.00000000,23,5116.63592241,1.72556126,0.44832889,0.07400000
altitude_hmax_m,250,20017,0.99750000,27,5252.16293311,1.95898847,0.54821433,0.08100000
altitude_hmax_m,250,20018,1.00000000,28,26375.43331691,16.58872904,0.78106548,0.07700000
altitude_hmax_m,250,20019,1.00000000,28,25229.30042423,12.23109531,0.75596720,0.07100000
altitude_hmax_m,250,20020,1.00000000,29,5620.37813398,1.40734344,0.54969246,0.08200000
altitude_hmax_m,250,20021,1.00000000,26,8751.07300320,2.84834002,0.56724606,0.08000000
altitude_hmax_m,250,20022,0.99750000,23,5574.81972870,1.18281518,0.46260433,0.07600000
altitude_hmax_m,250,20023,1.00000000,26,4928.30956201,1.79918985,0.55922661,0.07600000
altitude_hmax_m,250,20024,0.99750000,30,5823.95894337,1.09142163,0.51674771,0.08400000
altitude_hmax_m,250,20025,1.00000000,32,24201.50993584,12.88516809,0.76259623,0.07800000
altitude_hmax_m,250,20026,1.00000000,29,12725.26270342,2.75514752,0.64000422,0.07700000
altitude_hmax_m,250,20027,1.00000000,28,6354.56853507,3.02340999,0.49272518,0.08400000
altitude_hmax_m,250,20028,1.00000000,30,10283.86931135,2.28835799,0.58454902,0.08100000
altitude_hmax_m,250,20029,1.00000000,34,20695.63865548,12.93245954,0.73746193,0.08400000
nlos_loss_db,10,20000,1.00000000,25,16629.07134681,8.74061950,0.72767553,0.07100000
nlos_loss_db,10,20001,1.00000000,22,3874.54672602,1.70379674,0.47974441,0.07500000
nlos_loss_db,10,20002,1.00000000,22,3821.57599830,2.89461332,0.62491932,0.07600000
nlos_loss_db,10,20003,0.99500000,22,4001.34894112,1.44914412,0.47111918,0.07600000
nlos_loss_db,10,20004,1.00000000,26,17733.41649355,12.27149268,0.77078816,0.07500000
nlos_loss_db,10,20005,1.00000000,28,12242.84284680,6.14542505,0.66804699,0.07800000
nlos_loss_db,10,20006,1.00000000,26,7349.86450402,3.26824146,0.60737093,0.07800000
nlos_loss_db,10,20007,1.00000000,24,4113.27184100,1.79449672,0.44154849,0.08200000
nlos_loss_db,10,20008,1.00000000,25,17016.35161267,10.66826764,0.75140126,0.07300000
nlos_loss_db,10,20009,1.00000000,24,17755.65908719,11.64770699,0.77174456,0.07000000
nlos_loss_db,10,20010,1.00000000,24,18219.31107494,12.27069475,0.75176708,0.07000000
nlos_loss_db,10,20011,1.00000000,27,17300.29100643,10.69355115,0.75900815,0.07800000
nlos_loss_db,10,20012,1.00000000,26,17546.84056616,12.14352572,0.78127277,0.07300000
nlos_loss_db,10,20013,1.00000000,27,15658.77471696,10.92574007,0.74922021,0.07300000
nlos_loss_db,10,20014,1.00000000,27,16975.19018606,10.73864819,0.75287022,0.07500000
nlos_loss_db,10,20015,1.00000000,27,16274.68044421,9.69171982,0.76157700,0.07400000
nlos_loss_db,10,20016,1.00000000,27,16989.86727645,11.00879555,0.76636753,0.07200000
nlos_loss_db,10,20017,1.00000000,26,17370.23784347,12.75783717,0.78234550,0.07400000
nlos_loss_db,10,20018,1.00000000,28,16990.13238727,10.41360249,0.77534887,0.07600000
nlos_loss_db,10,20019,1.00000000,25,17282.71680294,9.03994757,0.73765945,0.07300000
nlos_loss_db,10,20020,1.00000000,24,18108.53156389,12.13432315,0.76544967,0.07100000
nlos_loss_db,10,20021,1.00000000,22,4044.81735391,1.51782822,0.25750745,0.07900000
nlos_loss_db,10,20022,1.00000000,25,14010.17533609,10.13968778,0.73806895,0.08200000
nlos_loss_db,10,20023,1.00000000,26,18015.29877146,13.15543657,0.76789746,0.07200000
nlos_loss_db,10,20024,1.00000000,26,17549.53629269,13.41301475,0.77675168,0.07500000
nlos_loss_db,10,20025,1.00000000,27,15656.16494850,8.86019748,0.74127099,0.07300000
nlos_loss_db,10,20026,1.00000000,26,16386.68691137,12.58386694,0.78287862,0.07200000
nlos_loss_db,10,20027,1.00000000,24,5110.56166457,2.66458215,0.46624462,0.07700000
nlos_loss_db,10,20028,1.00000000,27,16767.60416214,11.41316196,0.77235871,0.07400000
nlos_loss_db,10,20029,1.00000000,25,13994.25360003,6.01006477,0.70475557,0.07800000
nlos_loss_db,20,20000,0.99500000,24,4981.86937168,1.54849518,0.54584307,0.07500000
nlos_loss_db,20,20001,1.00000000,26,4866.71971953,1.49915636,0.47757837,0.07800000
nlos_loss_db,20,20002,1.00000000,24,4898.61715622,1.41952854,0.58392392,0.08100000
nlos_loss_db,20,20003,0.99000000,26,6293.81663297,1.45834224,0.46483927,0.07700000
nlos_loss_db,20,20004,1.00000000,28,27364.82722050,16.34048079,0.79188590,0.07600000
nlos_loss_db,20,20005,0.99750000,32,10192.57920653,2.74560057,0.58558610,0.08400000
nlos_loss_db,20,20006,1.00000000,29,12851.95954149,4.27656980,0.66181834,0.07800000
nlos_loss_db,20,20007,0.99750000,28,25252.31663671,13.26936320,0.75216133,0.08600000
nlos_loss_db,20,20008,1.00000000,25,9758.80077258,2.87970644,0.63994084,0.12300000
nlos_loss_db,20,20009,1.00000000,23,4512.97289468,1.64575602,0.52720551,0.08400000
nlos_loss_db,20,20010,1.00000000,29,19004.83925792,7.12891397,0.67132471,0.08100000
nlos_loss_db,20,20011,1.00000000,26,5133.72915191,1.07190111,0.40947180,0.08900000
nlos_loss_db,20,20012,1.00000000,30,9140.24376163,2.60146443,0.57381234,0.08700000
nlos_loss_db,20,20013,1.00000000,24,5299.44215717,1.99076282,0.52392662,0.08500000
nlos_loss_db,20,20014,1.00000000,31,12708.43038909,4.05371947,0.66715842,0.08300000
nlos_loss_db,20,20015,1.00000000,25,4780.35213883,1.17508964,0.50837943,0.08000000
nlos_loss_db,20,20016,1.00000000,28,9659.00112852,2.26622204,0.57428303,0.08100000
nlos_loss_db,20,20017,1.00000000,31,5331.33551290,2.00072586,0.54950919,0.08900000
nlos_loss_db,20,20018,1.00000000,26,25359.36927115,17.32667205,0.78393757,0.08000000
nlos_loss_db,20,20019,1.00000000,30,8047.87073370,2.22062670,0.57198344,0.08200000
nlos_loss_db,20,20020,1.00000000,24,9295.29202823,3.98308645,0.58532460,0.07900000
nlos_loss_db,20,20021,1.00000000,28,26838.11607076,17.33272785,0.77394815,0.07300000
nlos_loss_db,20,20022,1.00000000,30,9567.99704118,2.94899859,0.60567742,0.08200000
nlos_loss_db,20,20023,1.00000000,28,17919.61862167,8.63787735,0.66743724,0.07200000
nlos_loss_db,20,20024,0.99750000,33,5440.73419882,1.39687031,0.53979721,0.08700000
nlos_loss_db,20,20025,1.00000000,27,5093.85568473,3.34495765,0.50781802,0.08100000
nlos_loss_db,20,20026,1.00000000,26,5644.33695746,1.73413372,0.49414915,0.08100000
nlos_loss_db,20,20027,1.00000000,28,6410.27061814,3.19907367,0.49272753,0.08000000
nlos_loss_db,20,20028,1.00000000,29,14652.88168147,8.22142140,0.70401103,0.07900000
nlos_loss_db,20,20029,1.00000000,28,11132.15256508,3.89930739,0.64390147,0.07500000
nlos_loss_db,30,20000,0.99750000,27,5508.91156650,1.86526365,0.53850584,0.07300000
nlos_loss_db,30,20001,0.98500000,34,5342.72650813,0.80596397,0.46885803,0.08500000
nlos_loss_db,30,20002,0.99250000,31,5334.34064216,1.69205019,0.58194991,0.08000000
nlos_loss_db,30,20003,0.99500000,32,6809.51567100,2.18591006,0.48482268,0.08400000
nlos_loss_db,30,20004,0.99750000,37,12647.48310968,3.61381249,0.65954820,0.08600000
nlos_loss_db,30,20005,0.98250000,30,7143.63542096,0.68031951,0.53255654,0.07900000
nlos_loss_db,30,20006,0.99750000,32,9560.27345158,2.01717241,0.58286066,0.08100000
nlos_loss_db,30,20007,0.99500000,35,9813.37092986,2.67001116,0.59639995,0.09200000
nlos_loss_db,30,20008,1.00000000,27,6240.64626046,1.55283785,0.58830072,0.07600000
nlos_loss_db,30,20009,1.00000000,32,29660.89734084,15.94418694,0.74007550,0.07700000
nlos_loss_db,30,20010,0.99750000,34,15491.08558470,3.59523601,0.61996211,0.08300000
nlos_loss_db,30,20011,0.98000000,28,5766.60261375,1.12306697,0.43704759,0.08100000
nlos_loss_db,30,20012,1.00000000,26,5383.54699070,1.01246850,0.49960815,0.08400000
nlos_loss_db,30,20013,1.00000000,34,24559.74145304,4.88254546,0.66576973,0.08000000
nlos_loss_db,30,20014,0.99250000,27,7343.34212149,1.54258078,0.51559507,0.08900000
nlos_loss_db,30,20015,1.00000000,29,35561.18126970,18.57606733,0.78256879,0.07600000
nlos_loss_db,30,20016,1.00000000,32,10165.90422473,4.00509819,0.60453510,0.07900000
nlos_loss_db,30,20017,0.99250000,34,5688.84944656,1.76529957,0.55269138,0.08500000
nlos_loss_db,30,20018,1.00000000,34,9507.72274209,4.34083070,0.56540841,0.08500000
nlos_loss_db,30,20019,1.00000000,29,5010.51255296,2.82316608,0.56208342,0.07800000
nlos_loss_db,30,20020,0.99250000,35,11028.97537727,1.44074613,0.57921436,0.08500000
nlos_loss_db,30,20021,0.99250000,26,5449.07108142,1.59879615,0.49448396,0.07700000
nlos_loss_db,30,20022,0.99750000,26,6275.82414576,1.21688352,0.48710437,0.08300000
nlos_loss_db,30,20023,1.00000000,28,5908.63311682,1.42070708,0.58406796,0.08200000
nlos_loss_db,30,20024,0.98250000,32,6421.12638917,1.30422842,0.54792476,0.08500000
nlos_loss_db,30,20025,1.00000000,25,5577.18601150,2.34475116,0.49343034,0.07800000
nlos_loss_db,30,20026,0.99500000,27,5766.90225953,2.42070812,0.50404493,0.08100000
nlos_loss_db,30,20027,0.99500000,35,7435.50799841,1.41720201,0.51034098,0.09300000
nlos_loss_db,30,20028,0.99500000,31,6193.17120196,1.07707550,0.48527280,0.08000000
nlos_loss_db,30,20029,1.00000000,29,4399.48078844,2.44326430,0.55267321,0.08700000
