scenario,N,metric,reference,comparator,n_pairs,mean_paired_difference,bootstrap_ci95_low,bootstrap_ci95_high,wilcoxon_W,p_two_sided,p_signflip,p_holm,p_signflip_holm
four_cluster,400,coverage,lns_based,block_centroid,30,0.0029999999999999914,0.001499999999999994,0.004666666666666656,0.0,0.0021487082221849094,0.000499990000199996,0.04727158088806801,0.0124997500049999
four_cluster,400,K,lns_based,block_centroid,30,-12.533333333333333,-13.5,-11.566666666666666,0.0,1.862645149230957e-09,1.999960000799984e-05,8.940696716308594e-08,0.0009599808003839924
four_cluster,400,p5_rate_Mbps,lns_based,block_centroid,30,3.5208754853333333,1.6205024126750005,5.637758614108328,150.0,0.09194962680339813,0.0012199756004879902,1.0,0.028059438811223775
four_cluster,400,coverage,lns_based,lns_no_refine,30,0.002833333333333325,0.001333333333333331,0.004499999999999993,3.0,0.0027786958987166457,0.0016799664006719867,0.05835261387304956,0.036959260814783707
four_cluster,400,K,lns_based,lns_no_refine,30,1.2666666666666666,0.3333333333333333,2.2333333333333334,86.0,0.02194082977047862,0.015759684806303874,0.4168757656390938,0.2994340113197736
four_cluster,400,p5_rate_Mbps,lns_based,lns_no_refine,30,3.8143916680000007,1.9382233560166666,5.960979337649999,77.0,0.0008718203753232956,0.00017999640007199856,0.024410970509052277,0.00503989920201596
four_cluster,400,coverage,lns_based,fixed_initializer_refine,30,0.000583333333333332,0.0,0.0014166666666666661,0.0,0.10880943004054569,0.250894982100358,1.0,1.0
four_cluster,400,K,lns_based,fixed_initializer_refine,30,-12.533333333333333,-13.5,-11.533333333333333,0.0,1.862645149230957e-09,1.999960000799984e-05,8.940696716308594e-08,0.0009599808003839924
four_cluster,400,p5_rate_Mbps,lns_based,fixed_initializer_refine,30,-0.7558444843333334,-1.75248764685,0.28095496934166625,82.0,0.001340603455901146,0.1626967460650787,0.03351508639752865,1.0
four_cluster,400,coverage,lns_based,pso_high_12x16,30,-0.0006666666666666598,-0.001249999999999988,-0.0002499999999999947,0.0,0.023140931308743732,0.03155936881262375,0.4168757656390938,0.5680686386272276
four_cluster,400,K,lns_based,pso_high_12x16,30,0.0,0.0,0.0,0.0,1.0,1.0,1.0,1.0
four_cluster,400,p5_rate_Mbps,lns_based,pso_high_12x16,30,1.8872651230000002,0.0733843904000001,3.9025238406833322,202.0,0.5425279382616282,0.06651866962660746,1.0,0.9989000219995601
uniform,400,coverage,lns_based,block_centroid,30,0.003916666666666661,0.0022499999999999964,0.005833333333333331,0.0,0.00041402463800063976,3.999920001599968e-05,0.012006714502018553,0.0012399752004959902
uniform,400,K,lns_based,block_centroid,30,-11.866666666666667,-12.7,-10.966666666666667,0.0,1.862645149230957e-09,1.999960000799984e-05,8.940696716308594e-08,0.0009599808003839924
uniform,400,p5_rate_Mbps,lns_based,block_centroid,30,3.631282423666667,1.7570467115333332,5.772534996383326,51.0,6.286613643169403e-05,5.999880002399952e-05,0.001948850229382515,0.001739965200695986
uniform,400,coverage,lns_based,lns_no_refine,30,0.0027499999999999894,0.0011666666666666603,0.00458333333333332,14.0,0.004914927767254364,0.0028199436011279774,0.09829855534508727,0.059218815623687526
uniform,400,K,lns_based,lns_no_refine,30,1.2,0.03333333333333333,2.3333333333333335,107.0,0.0279707030056249,0.05875882482350353,0.47550195109562327,0.9989000219995601
uniform,400,p5_rate_Mbps,lns_based,lns_no_refine,30,3.6451096023333336,1.7883414695250002,5.800987900716666,47.0,3.904104232788086e-05,3.999920001599968e-05,0.0012493133544921875,0.0012399752004959902
uniform,400,coverage,lns_based,fixed_initializer_refine,30,0.0006666666666666636,0.00016666666666666682,0.0012499999999999992,0.0,0.03843393023678171,0.0620987580248395,0.6149428837885074,0.9989000219995601
uniform,400,K,lns_based,fixed_initializer_refine,30,-11.866666666666667,-12.7,-10.966666666666667,0.0,1.862645149230957e-09,1.999960000799984e-05,8.940696716308594e-08,0.0009599808003839924
uniform,400,p5_rate_Mbps,lns_based,fixed_initializer_refine,30,-0.14596164133333317,-0.6548797583166667,0.34536137829166624,204.0,0.5698575973510742,0.5923281534369312,1.0,1.0
uniform,400,coverage,lns_based,pso_high_12x16,30,-0.0016666666666666533,-0.0025833333333333116,-0.0009166666666666508,0.0,0.00183932469938724,0.000499990000199996,0.04230446808590652,0.0124997500049999
uniform,400,K,lns_based,pso_high_12x16,30,0.0,0.0,0.0,0.0,1.0,1.0,1.0,1.0
uniform,400,p5_rate_Mbps,lns_based,pso_high_12x16,30,-0.8391020269999998,-2.594799052591667,1.113111127816666,164.0,0.1641840822994709,0.3892922141557169,1.0,1.0
hotspot,400,coverage,lns_based,block_centroid,30,0.0020833333333333186,0.0009166666666666582,0.0035833333333333086,0.0,0.001079983179644933,0.00033999320013599726,0.02915954585041319,0.00883982320353593
hotspot,400,K,lns_based,block_centroid,30,-13.633333333333333,-14.366666666666667,-12.866666666666667,0.0,1.862645149230957e-09,1.999960000799984e-05,8.940696716308594e-08,0.0009599808003839924
hotspot,400,p5_rate_Mbps,lns_based,block_centroid,30,6.046596253666666,5.181200680991668,6.819986746233332,0.0,1.862645149230957e-09,1.999960000799984e-05,8.940696716308594e-08,0.0009599808003839924
hotspot,400,coverage,lns_based,lns_no_refine,30,0.0019166666666666518,0.0009166666666666619,0.0030833333333333155,0.0,0.001079983179644933,0.0002999940001199976,0.02915954585041319,0.008099838003239934
hotspot,400,K,lns_based,lns_no_refine,30,2.3666666666666667,1.5,3.3,18.0,9.037829593418007e-05,1.999960000799984e-05,0.002711348878025402,0.0009599808003839924
hotspot,400,p5_rate_Mbps,lns_based,lns_no_refine,30,5.825681994333332,4.971223179591666,6.6190150280666655,0.0,1.862645149230957e-09,1.999960000799984e-05,8.940696716308594e-08,0.0009599808003839924
hotspot,400,coverage,lns_based,fixed_initializer_refine,30,0.0,0.0,0.0,0.0,1.0,1.0,1.0,1.0
hotspot,400,K,lns_based,fixed_initializer_refine,30,-13.633333333333333,-14.366666666666667,-12.866666666666667,0.0,1.862645149230957e-09,1.999960000799984e-05,8.940696716308594e-08,0.0009599808003839924
hotspot,400,p5_rate_Mbps,lns_based,fixed_initializer_refine,30,0.310860078,-0.5340748551666664,1.1692694015999998,205.0,0.583757072687149,0.496730065398692,1.0,1.0
hotspot,400,coverage,lns_based,pso_high_12x16,30,0.01866666666666666,0.011583333333333319,0.02716666666666667,0.0,8.023700398287105e-06,1.999960000799984e-05,0.00027280581354176156,0.0009599808003839924
hotspot,400,K,lns_based,pso_high_12x16,30,0.0,0.0,0.0,0.0,1.0,1.0,1.0,1.0
hotspot,400,p5_rate_Mbps,lns_based,pso_high_12x16,30,7.416579649999999,6.575123688766665,8.196351091066665,0.0,1.862645149230957e-09,1.999960000799984e-05,8.940696716308594e-08,0.0009599808003839924
corridor,400,coverage,lns_based,block_centroid,30,0.0,0.0,0.0,0.0,1.0,1.0,1.0,1.0
corridor,400,K,lns_based,block_centroid,30,-16.266666666666666,-16.633333333333333,-15.833333333333334,0.0,1.862645149230957e-09,1.999960000799984e-05,8.940696716308594e-08,0.0009599808003839924
corridor,400,p5_rate_Mbps,lns_based,block_centroid,30,5.498608040333335,4.856531933041667,6.085159768408333,0.0,1.862645149230957e-09,1.999960000799984e-05,8.940696716308594e-08,0.0009599808003839924
corridor,400,coverage,lns_based,lns_no_refine,30,0.0,0.0,0.0,0.0,1.0,1.0,1.0,1.0
corridor,400,K,lns_based,lns_no_refine,30,0.3,-0.3,0.9333333333333333,119.0,0.36562441193397555,0.4090918181636367,1.0,1.0
corridor,400,p5_rate_Mbps,lns_based,lns_no_refine,30,4.4697001929999995,3.5379046339833335,5.413636565341666,6.0,2.60770320892334e-08,1.999960000799984e-05,9.126961231231689e-07,0.0009599808003839924
corridor,400,coverage,lns_based,fixed_initializer_refine,30,0.0,0.0,0.0,0.0,1.0,1.0,1.0,1.0
corridor,400,K,lns_based,fixed_initializer_refine,30,-16.266666666666666,-16.633333333333333,-15.833333333333334,0.0,1.862645149230957e-09,1.999960000799984e-05,8.940696716308594e-08,0.0009599808003839924
corridor,400,p5_rate_Mbps,lns_based,fixed_initializer_refine,30,1.078624168,0.40301250265833344,1.6843528064999995,85.0,0.001718590036034584,0.003619927601447971,0.04124616086483002,0.07239855202895942
corridor,400,coverage,lns_based,pso_high_12x16,30,0.013916666666666652,0.008999999999999985,0.019166666666666655,0.0,2.6158739805529553e-05,1.999960000799984e-05,0.0008632384135824752,0.0009599808003839924
corridor,400,K,lns_based,pso_high_12x16,30,0.0,0.0,0.0,0.0,1.0,1.0,1.0,1.0
corridor,400,p5_rate_Mbps,lns_based,pso_high_12x16,30,12.392713356666665,11.769367660208335,12.979103340666668,0.0,1.862645149230957e-09,1.999960000799984e-05,8.940696716308594e-08,0.0009599808003839924
