scenario,N,method,metric,mean,sd,ci95_low,ci95_high
corridor,100,alns_no_refine,coverage,1,0,1,1
corridor,100,alns_no_refine,K,6.4,0.67466467,6.1481044,6.6518956
corridor,100,alns_no_refine,throughput_Mbps,8360.553,931.79498,8012.6541,8708.4519
corridor,100,alns_no_refine,mean_user_rate_Mbps,83.60553,9.3179498,80.126541,87.084519
corridor,100,alns_no_refine,p5_rate_Mbps,20.801884,5.3493157,18.804641,22.799127
corridor,100,alns_no_refine,qos_violation,0,0,0,0
corridor,100,alns_no_refine,jain_fairness,0.78090513,0.039322023,0.76622369,0.79558656
corridor,100,alns_no_refine,time_s,0.0039666667,0.00055605342,0.0037590562,0.0041742771
corridor,100,alns_sca_lite,coverage,1,0,1,1
corridor,100,alns_sca_lite,K,6.3,0.4660916,6.1259781,6.4740219
corridor,100,alns_sca_lite,throughput_Mbps,9433.2939,812.09464,9130.0868,9736.5009
corridor,100,alns_sca_lite,mean_user_rate_Mbps,94.332939,8.1209464,91.300868,97.365009
corridor,100,alns_sca_lite,p5_rate_Mbps,25.015472,3.3259752,23.773672,26.257272
corridor,100,alns_sca_lite,qos_violation,0,0,0,0
corridor,100,alns_sca_lite,jain_fairness,0.82417291,0.03149131,0.81241518,0.83593064
corridor,100,alns_sca_lite,time_s,0.0083666667,0.00080871688,0.0080647207,0.0086686126
corridor,100,fixed_gno_refine,coverage,1,0,1,1
corridor,100,fixed_gno_refine,K,10,0,10,10
corridor,100,fixed_gno_refine,throughput_Mbps,6827.3001,515.54446,6634.8142,7019.7859
corridor,100,fixed_gno_refine,mean_user_rate_Mbps,68.273001,5.1554446,66.348142,70.197859
corridor,100,fixed_gno_refine,p5_rate_Mbps,24.497084,2.6554338,23.50564,25.488528
corridor,100,fixed_gno_refine,qos_violation,0,0,0,0
corridor,100,fixed_gno_refine,jain_fairness,0.83798726,0.028624307,0.82729997,0.84867455
corridor,100,fixed_gno_refine,time_s,0.006,0.00045485883,0.005830172,0.006169828
corridor,100,gno,coverage,1,0,1,1
corridor,100,gno,K,10,0,10,10
corridor,100,gno,throughput_Mbps,6009.1964,351.95254,5877.79,6140.6029
corridor,100,gno,mean_user_rate_Mbps,60.091964,3.5195254,58.7779,61.406029
corridor,100,gno,p5_rate_Mbps,20.941216,1.3723486,20.42883,21.453602
corridor,100,gno,qos_violation,0,0,0,0
corridor,100,gno,jain_fairness,0.79812983,0.033711387,0.7855432,0.81071645
corridor,100,gno,time_s,0.00036666667,0.00049013252,0.00018366873,0.00054966461
corridor,100,kmeans_grid,coverage,0.926,0.03838103,0.9116699,0.9403301
corridor,100,kmeans_grid,K,5,0,5,5
corridor,100,kmeans_grid,throughput_Mbps,9785.2224,797.34624,9487.5219,10082.923
corridor,100,kmeans_grid,mean_user_rate_Mbps,97.852224,7.9734624,94.875219,100.82923
corridor,100,kmeans_grid,p5_rate_Mbps,2.0776158,7.0372274,-0.54983305,4.7050647
corridor,100,kmeans_grid,qos_violation,0.074,0.03838103,0.059669897,0.088330103
corridor,100,kmeans_grid,jain_fairness,0.75441089,0.050919841,0.73539924,0.77342254
corridor,100,kmeans_grid,time_s,0.0007,0.0004660916,0.00052597808,0.00087402192
corridor,100,pso_high_12x16,coverage,1,0,1,1
corridor,100,pso_high_12x16,K,6.3,0.4660916,6.1259781,6.4740219
corridor,100,pso_high_12x16,throughput_Mbps,4235.4729,721.60568,3966.0511,4504.8946
corridor,100,pso_high_12x16,mean_user_rate_Mbps,42.354729,7.2160568,39.660511,45.048946
corridor,100,pso_high_12x16,p5_rate_Mbps,4.4847896,4.7838632,2.6986663,6.2709129
corridor,100,pso_high_12x16,qos_violation,0,0,0,0
corridor,100,pso_high_12x16,jain_fairness,0.58089218,0.11730615,0.53709426,0.6246901
corridor,100,pso_high_12x16,time_s,0.034366667,0.0049652818,0.032512808,0.036220525
corridor,100,pso_low_3x4,coverage,0.99,0.017019259,0.98364562,0.99635438
corridor,100,pso_low_3x4,K,6.3,0.4660916,6.1259781,6.4740219
corridor,100,pso_low_3x4,throughput_Mbps,2816.1923,648.69463,2573.9929,3058.3917
corridor,100,pso_low_3x4,mean_user_rate_Mbps,28.161923,6.4869463,25.739929,30.583917
corridor,100,pso_low_3x4,p5_rate_Mbps,2.4041957,2.2362711,1.5692521,3.2391393
corridor,100,pso_low_3x4,qos_violation,0.01,0.017019259,0.0036456179,0.016354382
corridor,100,pso_low_3x4,jain_fairness,0.5524475,0.12385276,0.50620532,0.59868969
corridor,100,pso_low_3x4,time_s,0.0022,0.0004068381,0.0020481012,0.0023518988
corridor,100,pso_mid_6x8,coverage,1,0,1,1
corridor,100,pso_mid_6x8,K,6.3,0.4660916,6.1259781,6.4740219
corridor,100,pso_mid_6x8,throughput_Mbps,3292.6035,559.51186,3083.7018,3501.5052
corridor,100,pso_mid_6x8,mean_user_rate_Mbps,32.926035,5.5951186,30.837018,35.015052
corridor,100,pso_mid_6x8,p5_rate_Mbps,2.6242645,2.1280083,1.8297424,3.4187866
corridor,100,pso_mid_6x8,qos_violation,0,0,0,0
corridor,100,pso_mid_6x8,jain_fairness,0.53627596,0.12307055,0.49032582,0.5822261
corridor,100,pso_mid_6x8,time_s,0.0086,0.0011017228,0.0081886561,0.0090113439
corridor,200,alns_no_refine,coverage,1,0,1,1
corridor,200,alns_no_refine,K,12.133333,0.77607915,11.843573,12.423094
corridor,200,alns_no_refine,throughput_Mbps,8762.3633,901.78068,8425.6707,9099.056
corridor,200,alns_no_refine,mean_user_rate_Mbps,43.811817,4.5089034,42.128353,45.49528
corridor,200,alns_no_refine,p5_rate_Mbps,14.364674,4.4457593,12.704787,16.024561
corridor,200,alns_no_refine,qos_violation,0,0,0,0
corridor,200,alns_no_refine,jain_fairness,0.76271463,0.051979942,0.74330718,0.78212208
corridor,200,alns_no_refine,time_s,0.017433333,0.0013565507,0.016926846,0.017939821
corridor,200,alns_sca_lite,coverage,1,0,1,1
corridor,200,alns_sca_lite,K,12.266667,0.78491525,11.973607,12.559726
corridor,200,alns_sca_lite,throughput_Mbps,11068.109,852.18521,10749.934,11386.285
corridor,200,alns_sca_lite,mean_user_rate_Mbps,55.340547,4.2609261,53.74967,56.931424
corridor,200,alns_sca_lite,p5_rate_Mbps,18.001129,2.5393685,17.05302,18.949239
corridor,200,alns_sca_lite,qos_violation,0,0,0,0
corridor,200,alns_sca_lite,jain_fairness,0.8067889,0.024708238,0.79756373,0.81601407
corridor,200,alns_sca_lite,time_s,0.031966667,0.0022966743,0.031109171,0.032824163
corridor,200,fixed_gno_refine,coverage,1,0,1,1
corridor,200,fixed_gno_refine,K,20,0,20,20
corridor,200,fixed_gno_refine,throughput_Mbps,8321.2945,581.97555,8104.0057,8538.5834
corridor,200,fixed_gno_refine,mean_user_rate_Mbps,41.606473,2.9098778,40.520028,42.692917
corridor,200,fixed_gno_refine,p5_rate_Mbps,18.311672,1.1894161,17.867587,18.755758
corridor,200,fixed_gno_refine,qos_violation,0,0,0,0
corridor,200,fixed_gno_refine,jain_fairness,0.83805576,0.021781384,0.82992337,0.84618815
corridor,200,fixed_gno_refine,time_s,0.0197,0.0019145541,0.018985174,0.020414826
corridor,200,gno,coverage,1,0,1,1
corridor,200,gno,K,20,0,20,20
corridor,200,gno,throughput_Mbps,5278.9463,279.61594,5174.5477,5383.3449
corridor,200,gno,mean_user_rate_Mbps,26.394732,1.3980797,25.872739,26.916725
corridor,200,gno,p5_rate_Mbps,13.394923,0.9774193,13.029989,13.759856
corridor,200,gno,qos_violation,0,0,0,0
corridor,200,gno,jain_fairness,0.82336617,0.047358826,0.80568408,0.84104826
corridor,200,gno,time_s,0.0018666667,0.00043417249,0.0017045622,0.0020287711
corridor,200,kmeans_grid,coverage,0.88033333,0.043389442,0.86413327,0.8965334
corridor,200,kmeans_grid,K,10,0,10,10
corridor,200,kmeans_grid,throughput_Mbps,11473.277,867.99916,11149.197,11797.357
corridor,200,kmeans_grid,mean_user_rate_Mbps,57.366385,4.3399958,55.745986,58.986784
corridor,200,kmeans_grid,p5_rate_Mbps,0,0,0,0
corridor,200,kmeans_grid,qos_violation,0.11966667,0.043389442,0.1034666,0.13586673
corridor,200,kmeans_grid,jain_fairness,0.66510008,0.049698425,0.64654447,0.6836557
corridor,200,kmeans_grid,time_s,0.0016,0.00049827288,0.0014139627,0.0017860373
corridor,200,pso_high_12x16,coverage,0.99966667,0.0012685407,0.99919304,1.0001403
corridor,200,pso_high_12x16,K,12.266667,0.78491525,11.973607,12.559726
corridor,200,pso_high_12x16,throughput_Mbps,3028.2017,646.0708,2786.982,3269.4214
corridor,200,pso_high_12x16,mean_user_rate_Mbps,15.141009,3.230354,13.93491,16.347107
corridor,200,pso_high_12x16,p5_rate_Mbps,1.4967371,0.85241491,1.1784759,1.8149983
corridor,200,pso_high_12x16,qos_violation,0.00033333333,0.0012685407,-0.00014029435,0.00080696101
corridor,200,pso_high_12x16,jain_fairness,0.51213707,0.10235276,0.47392222,0.55035193
corridor,200,pso_high_12x16,time_s,0.1336,0.031206321,0.12194868,0.14525132
corridor,200,pso_low_3x4,coverage,0.96,0.035428413,0.9467723,0.9732277
corridor,200,pso_low_3x4,K,12.266667,0.78491525,11.973607,12.559726
corridor,200,pso_low_3x4,throughput_Mbps,2611.0399,479.01588,2432.1925,2789.8873
corridor,200,pso_low_3x4,mean_user_rate_Mbps,13.055199,2.3950794,12.160962,13.949436
corridor,200,pso_low_3x4,p5_rate_Mbps,0.62721751,0.52155686,0.43248685,0.82194818
corridor,200,pso_low_3x4,qos_violation,0.04,0.035428413,0.026772299,0.053227701
corridor,200,pso_low_3x4,jain_fairness,0.44300696,0.097481266,0.40661094,0.47940297
corridor,200,pso_low_3x4,time_s,0.0089,0.001348051,0.008396686,0.009403314
corridor,200,pso_mid_6x8,coverage,0.99233333,0.010645813,0.98835857,0.9963081
corridor,200,pso_mid_6x8,K,12.266667,0.78491525,11.973607,12.559726
corridor,200,pso_mid_6x8,throughput_Mbps,2467.574,467.52009,2293.0187,2642.1292
corridor,200,pso_mid_6x8,mean_user_rate_Mbps,12.33787,2.3376005,11.465094,13.210646
corridor,200,pso_mid_6x8,p5_rate_Mbps,1.0941215,0.41048163,0.94086234,1.2473806
corridor,200,pso_mid_6x8,qos_violation,0.0076666667,0.010645813,0.0036919011,0.011641432
corridor,200,pso_mid_6x8,jain_fairness,0.50829932,0.09753655,0.47188266,0.54471597
corridor,200,pso_mid_6x8,time_s,0.034466667,0.0075827997,0.031635521,0.037297813
corridor,300,alns_no_refine,coverage,1,0,1,1
corridor,300,alns_no_refine,K,17.733333,0.82768199,17.424307,18.04236
corridor,300,alns_no_refine,throughput_Mbps,9005.7671,875.58955,8678.8533,9332.6809
corridor,300,alns_no_refine,mean_user_rate_Mbps,30.019224,2.9186318,28.929511,31.108936
corridor,300,alns_no_refine,p5_rate_Mbps,11.051506,2.5097707,10.114448,11.988565
corridor,300,alns_no_refine,qos_violation,0,0,0,0
corridor,300,alns_no_refine,jain_fairness,0.78664477,0.051647774,0.76736134,0.80592821
corridor,300,alns_no_refine,time_s,0.038833333,0.0017827397,0.038167722,0.039498945
corridor,300,alns_sca_lite,coverage,1,0,1,1
corridor,300,alns_sca_lite,K,17.233333,0.81720015,16.92822,17.538447
corridor,300,alns_sca_lite,throughput_Mbps,13147.587,644.86351,12906.818,13388.356
corridor,300,alns_sca_lite,mean_user_rate_Mbps,43.825291,2.149545,43.022728,44.627855
corridor,300,alns_sca_lite,p5_rate_Mbps,14.575717,3.6848237,13.199935,15.951498
corridor,300,alns_sca_lite,qos_violation,0,0,0,0
corridor,300,alns_sca_lite,jain_fairness,0.79861855,0.021653025,0.79053409,0.80670302
corridor,300,alns_sca_lite,time_s,0.068133333,0.0032666901,0.066913668,0.069352999
corridor,300,fixed_gno_refine,coverage,1,0,1,1
corridor,300,fixed_gno_refine,K,30,0,30,30
corridor,300,fixed_gno_refine,throughput_Mbps,9151.7744,379.70918,9010.0046,9293.5442
corridor,300,fixed_gno_refine,mean_user_rate_Mbps,30.505915,1.2656973,30.033349,30.978481
corridor,300,fixed_gno_refine,p5_rate_Mbps,14.910959,0.79870642,14.612751,15.209167
corridor,300,fixed_gno_refine,qos_violation,0,0,0,0
corridor,300,fixed_gno_refine,jain_fairness,0.83676323,0.02505805,0.82740745,0.84611901
corridor,300,fixed_gno_refine,time_s,0.0371,0.0018070742,0.036425303,0.037774697
corridor,300,gno,coverage,1,0,1,1
corridor,300,gno,K,30,0,30,30
corridor,300,gno,throughput_Mbps,5170.9377,202.55908,5095.3094,5246.566
corridor,300,gno,mean_user_rate_Mbps,17.236459,0.67519694,16.984365,17.488553
corridor,300,gno,p5_rate_Mbps,9.7755976,0.49599325,9.5904115,9.9607837
corridor,300,gno,qos_violation,0,0,0,0
corridor,300,gno,jain_fairness,0.86362189,0.050784315,0.84466084,0.88258293
corridor,300,gno,time_s,0.0037,0.00053498308,0.0035002565,0.0038997435
corridor,300,kmeans_grid,coverage,0.89144445,0.046259995,0.87417262,0.90871627
corridor,300,kmeans_grid,K,15,0,15,15
corridor,300,kmeans_grid,throughput_Mbps,12720.278,920.25886,12376.686,13063.87
corridor,300,kmeans_grid,mean_user_rate_Mbps,42.400927,3.0675295,41.255621,43.546233
corridor,300,kmeans_grid,p5_rate_Mbps,0.021831684,0.11957706,-0.02281411,0.066477478
corridor,300,kmeans_grid,qos_violation,0.10855555,0.046259995,0.091283728,0.12582738
corridor,300,kmeans_grid,jain_fairness,0.65950332,0.05113907,0.64040982,0.67859682
corridor,300,kmeans_grid,time_s,0.0031,0.00048066047,0.0029205386,0.0032794614
corridor,300,pso_high_12x16,coverage,0.99388889,0.0082621473,0.9908041,0.99697368
corridor,300,pso_high_12x16,K,17.233333,0.81720015,16.92822,17.538447
corridor,300,pso_high_12x16,throughput_Mbps,2955.9012,548.30873,2751.1823,3160.62
corridor,300,pso_high_12x16,mean_user_rate_Mbps,9.8530039,1.8276958,9.1706077,10.5354
corridor,300,pso_high_12x16,p5_rate_Mbps,0.99519985,0.25204286,0.90109607,1.0893036
corridor,300,pso_high_12x16,qos_violation,0.006111111,0.0082621473,0.0030263209,0.0091959011
corridor,300,pso_high_12x16,jain_fairness,0.49463129,0.10038828,0.4571499,0.53211268
corridor,300,pso_high_12x16,time_s,0.25606667,0.036588988,0.24240565,0.26972769
corridor,300,pso_low_3x4,coverage,0.89388889,0.043952982,0.87747842,0.91029936
corridor,300,pso_low_3x4,K,17.233333,0.81720015,16.92822,17.538447
corridor,300,pso_low_3x4,throughput_Mbps,2861.8682,492.09354,2678.1381,3045.5983
corridor,300,pso_low_3x4,mean_user_rate_Mbps,9.5395606,1.6403118,8.9271269,10.151994
corridor,300,pso_low_3x4,p5_rate_Mbps,0.064816319,0.20736193,-0.012605206,0.14223784
corridor,300,pso_low_3x4,qos_violation,0.10611111,0.043952982,0.08970064,0.12252158
corridor,300,pso_low_3x4,jain_fairness,0.41296536,0.084941157,0.38125137,0.44467935
corridor,300,pso_low_3x4,time_s,0.0181,0.0017878903,0.017432466,0.018767534
corridor,300,pso_mid_6x8,coverage,0.95577778,0.029903207,0.94461299,0.96694257
corridor,300,pso_mid_6x8,K,17.233333,0.81720015,16.92822,17.538447
corridor,300,pso_mid_6x8,throughput_Mbps,2772.3713,558.15435,2563.9765,2980.7662
corridor,300,pso_mid_6x8,mean_user_rate_Mbps,9.2412377,1.8605145,8.5465882,9.9358872
corridor,300,pso_mid_6x8,p5_rate_Mbps,0.45198787,0.41312823,0.29774058,0.60623517
corridor,300,pso_mid_6x8,qos_violation,0.044222222,0.029903207,0.033057435,0.055387009
corridor,300,pso_mid_6x8,jain_fairness,0.4394121,0.083618026,0.40819212,0.47063208
corridor,300,pso_mid_6x8,time_s,0.0671,0.0064399079,0.064695569,0.069504431
corridor,400,alns_no_refine,coverage,1,0,1,1
corridor,400,alns_no_refine,K,23.433333,1.2507469,22.966349,23.900317
corridor,400,alns_no_refine,throughput_Mbps,8825.6456,488.21279,8643.3644,9007.9268
corridor,400,alns_no_refine,mean_user_rate_Mbps,22.064114,1.220532,21.608411,22.519817
corridor,400,alns_no_refine,p5_rate_Mbps,8.8292207,1.7240756,8.1855125,9.4729288
corridor,400,alns_no_refine,qos_violation,0,0,0,0
corridor,400,alns_no_refine,jain_fairness,0.80508056,0.055615635,0.78431567,0.82584544
corridor,400,alns_no_refine,time_s,0.073633333,0.0031784114,0.072446628,0.074820038
corridor,400,alns_sca_lite,coverage,1,0,1,1
corridor,400,alns_sca_lite,K,23.733333,1.1121068,23.318112,24.148554
corridor,400,alns_sca_lite,throughput_Mbps,13545.429,621.60206,13313.345,13777.513
corridor,400,alns_sca_lite,mean_user_rate_Mbps,33.863573,1.5540052,33.283363,34.443783
corridor,400,alns_sca_lite,p5_rate_Mbps,13.298921,1.8019238,12.626147,13.971695
corridor,400,alns_sca_lite,qos_violation,0,0,0,0
corridor,400,alns_sca_lite,jain_fairness,0.81140854,0.02323141,0.80273476,0.82008232
corridor,400,alns_sca_lite,time_s,0.12466667,0.0044824049,0.1229931,0.12634024
corridor,400,fixed_gno_refine,coverage,1,0,1,1
corridor,400,fixed_gno_refine,K,40,0,40,40
corridor,400,fixed_gno_refine,throughput_Mbps,9358.1326,267.59084,9258.2238,9458.0415
corridor,400,fixed_gno_refine,mean_user_rate_Mbps,23.395332,0.66897711,23.145559,23.645104
corridor,400,fixed_gno_refine,p5_rate_Mbps,12.220297,0.43944449,12.056224,12.38437
corridor,400,fixed_gno_refine,qos_violation,0,0,0,0
corridor,400,fixed_gno_refine,jain_fairness,0.83384261,0.020851729,0.82605732,0.8416279
corridor,400,fixed_gno_refine,time_s,0.062,0.0025596336,0.061044324,0.062955676
corridor,400,gno,coverage,1,0,1,1
corridor,400,gno,K,40,0,40,40
corridor,400,gno,throughput_Mbps,5176.61,167.8476,5113.9417,5239.2783
corridor,400,gno,mean_user_rate_Mbps,12.941525,0.419619,12.784854,13.098196
corridor,400,gno,p5_rate_Mbps,7.8003128,0.4292469,7.6400474,7.9605782
corridor,400,gno,qos_violation,0,0,0,0
corridor,400,gno,jain_fairness,0.88354941,0.030401413,0.87219861,0.89490021
corridor,400,gno,time_s,0.0061666667,0.00053066863,0.005968534,0.0063647993
corridor,400,kmeans_grid,coverage,0.90408333,0.03445689,0.89121836,0.9169483
corridor,400,kmeans_grid,K,20,0,20,20
corridor,400,kmeans_grid,throughput_Mbps,13525.197,675.97833,13272.811,13777.583
corridor,400,kmeans_grid,mean_user_rate_Mbps,33.812993,1.6899458,33.182028,34.443958
corridor,400,kmeans_grid,p5_rate_Mbps,0.034860818,0.13277661,-0.014713216,0.084434851
corridor,400,kmeans_grid,qos_violation,0.095916667,0.03445689,0.083051697,0.10878164
corridor,400,kmeans_grid,jain_fairness,0.66634161,0.043371974,0.65014807,0.68253515
corridor,400,kmeans_grid,time_s,0.0053666667,0.00066867514,0.0051170073,0.005616326
corridor,400,pso_high_12x16,coverage,0.98608333,0.014602246,0.98063138,0.99153529
corridor,400,pso_high_12x16,K,23.733333,1.1121068,23.318112,24.148554
corridor,400,pso_high_12x16,throughput_Mbps,3115.2945,463.59634,2942.2042,3288.3847
corridor,400,pso_high_12x16,mean_user_rate_Mbps,7.7882361,1.1589908,7.3555104,8.2209618
corridor,400,pso_high_12x16,p5_rate_Mbps,0.90620749,0.36957414,0.76822174,1.0441932
corridor,400,pso_high_12x16,qos_violation,0.013916667,0.014602246,0.0084647108,0.019368623
corridor,400,pso_high_12x16,jain_fairness,0.49939888,0.087863892,0.46659365,0.53220411
corridor,400,pso_high_12x16,time_s,0.48366667,0.048123643,0.46569902,0.50163431
corridor,400,pso_low_3x4,coverage,0.87958333,0.042115826,0.86385879,0.89530788
corridor,400,pso_low_3x4,K,23.733333,1.1121068,23.318112,24.148554
corridor,400,pso_low_3x4,throughput_Mbps,3006.4527,415.2533,2851.412,3161.4934
corridor,400,pso_low_3x4,mean_user_rate_Mbps,7.5161317,1.0381333,7.1285299,7.9037335
corridor,400,pso_low_3x4,p5_rate_Mbps,0.01704012,0.093332579,-0.017806925,0.051887164
corridor,400,pso_low_3x4,qos_violation,0.12041667,0.042115826,0.10469212,0.13614121
corridor,400,pso_low_3x4,jain_fairness,0.41725891,0.083558799,0.38606104,0.44845677
corridor,400,pso_low_3x4,time_s,0.0337,0.0031529953,0.032522784,0.034877216
corridor,400,pso_mid_6x8,coverage,0.94358333,0.029940194,0.93240474,0.95476193
corridor,400,pso_mid_6x8,K,23.733333,1.1121068,23.318112,24.148554
corridor,400,pso_mid_6x8,throughput_Mbps,2912.9763,594.64287,2690.9579,3134.9946
corridor,400,pso_mid_6x8,mean_user_rate_Mbps,7.2824406,1.4866072,6.7273947,7.8374866
corridor,400,pso_mid_6x8,p5_rate_Mbps,0.28791711,0.35441364,0.15559174,0.42024248
corridor,400,pso_mid_6x8,qos_violation,0.056416667,0.029940194,0.04523807,0.067595264
corridor,400,pso_mid_6x8,jain_fairness,0.45417566,0.1056737,0.41472088,0.49363044
corridor,400,pso_mid_6x8,time_s,0.123,0.01387133,0.11782094,0.12817906
four_cluster,100,alns_no_refine,coverage,0.999,0.004025779,0.99749692,1.0005031
four_cluster,100,alns_no_refine,K,6.4666667,0.62881022,6.2318914,6.7014419
four_cluster,100,alns_no_refine,throughput_Mbps,3899.9516,753.25061,3618.7148,4181.1885
four_cluster,100,alns_no_refine,mean_user_rate_Mbps,38.999516,7.5325061,36.187148,41.811885
four_cluster,100,alns_no_refine,p5_rate_Mbps,4.2305336,3.7754299,2.8209232,5.640144
four_cluster,100,alns_no_refine,qos_violation,0.001,0.004025779,-0.0005030818,0.0025030818
four_cluster,100,alns_no_refine,jain_fairness,0.58327996,0.061053483,0.56048477,0.60607515
four_cluster,100,alns_no_refine,time_s,0.010166667,0.0022141136,0.0093399959,0.010993337
four_cluster,100,alns_sca_lite,coverage,1,0,1,1
four_cluster,100,alns_sca_lite,K,6.5333333,0.62881022,6.2985581,6.7681086
four_cluster,100,alns_sca_lite,throughput_Mbps,7222.4814,1938.755,6498.6197,7946.3431
four_cluster,100,alns_sca_lite,mean_user_rate_Mbps,72.224814,19.38755,64.986197,79.463431
four_cluster,100,alns_sca_lite,p5_rate_Mbps,13.779322,6.2022715,11.463616,16.095028
four_cluster,100,alns_sca_lite,qos_violation,0,0,0,0
four_cluster,100,alns_sca_lite,jain_fairness,0.65503181,0.076582915,0.62643849,0.68362513
four_cluster,100,alns_sca_lite,time_s,0.024,0.0041771133,0.022440415,0.025559585
four_cluster,100,fixed_gno_refine,coverage,1,0,1,1
four_cluster,100,fixed_gno_refine,K,10,0,10,10
four_cluster,100,fixed_gno_refine,throughput_Mbps,7820.1803,1496.6432,7261.3874,8378.9733
four_cluster,100,fixed_gno_refine,mean_user_rate_Mbps,78.201803,14.966432,72.613874,83.789733
four_cluster,100,fixed_gno_refine,p5_rate_Mbps,17.793135,4.1312243,16.250684,19.335587
four_cluster,100,fixed_gno_refine,qos_violation,0,0,0,0
four_cluster,100,fixed_gno_refine,jain_fairness,0.73370542,0.061991818,0.7105599,0.75685095
four_cluster,100,fixed_gno_refine,time_s,0.0183,0.0037705757,0.016892202,0.019707798
four_cluster,100,gno,coverage,0.999,0.004025779,0.99749692,1.0005031
four_cluster,100,gno,K,10,0,10,10
four_cluster,100,gno,throughput_Mbps,3049.3879,551.55187,2843.4582,3255.3177
four_cluster,100,gno,mean_user_rate_Mbps,30.493879,5.5155187,28.434582,32.553177
four_cluster,100,gno,p5_rate_Mbps,7.2558357,3.2281822,6.050548,8.4611233
four_cluster,100,gno,qos_violation,0.001,0.004025779,-0.0005030818,0.0025030818
four_cluster,100,gno,jain_fairness,0.63757788,0.076275693,0.60909927,0.66605649
four_cluster,100,gno,time_s,0.0020333333,0.0009278575,0.0016869046,0.0023797621
four_cluster,100,kmeans_grid,coverage,0.90133333,0.044079343,0.88487568,0.91779098
four_cluster,100,kmeans_grid,K,5,0,5,5
four_cluster,100,kmeans_grid,throughput_Mbps,10140.9,976.0448,9776.4794,10505.32
four_cluster,100,kmeans_grid,mean_user_rate_Mbps,101.409,9.760448,97.764794,105.0532
four_cluster,100,kmeans_grid,p5_rate_Mbps,0.050549027,0.19249078,-0.021320142,0.1224182
four_cluster,100,kmeans_grid,qos_violation,0.098666667,0.044079343,0.082209017,0.11512432
four_cluster,100,kmeans_grid,jain_fairness,0.60573039,0.051782777,0.58639655,0.62506422
four_cluster,100,kmeans_grid,time_s,0.0020666667,0.0010148325,0.0016877645,0.0024455688
four_cluster,100,pso_high_12x16,coverage,1,0,1,1
four_cluster,100,pso_high_12x16,K,6.5333333,0.62881022,6.2985581,6.7681086
four_cluster,100,pso_high_12x16,throughput_Mbps,9302.4704,1194.3489,8856.5433,9748.3975
four_cluster,100,pso_high_12x16,mean_user_rate_Mbps,93.024704,11.943489,88.565433,97.483975
four_cluster,100,pso_high_12x16,p5_rate_Mbps,13.315755,5.2591464,11.352178,15.279332
four_cluster,100,pso_high_12x16,qos_violation,0,0,0,0
four_cluster,100,pso_high_12x16,jain_fairness,0.54570539,0.063791675,0.52188786,0.56952291
four_cluster,100,pso_high_12x16,time_s,0.086033333,0.019808538,0.078637534,0.093429132
four_cluster,100,pso_low_3x4,coverage,0.98866667,0.018519949,0.98175198,0.99558135
four_cluster,100,pso_low_3x4,K,6.5333333,0.62881022,6.2985581,6.7681086
four_cluster,100,pso_low_3x4,throughput_Mbps,5936.4635,1413.3234,5408.7791,6464.1478
four_cluster,100,pso_low_3x4,mean_user_rate_Mbps,59.364635,14.133234,54.087791,64.641478
four_cluster,100,pso_low_3x4,p5_rate_Mbps,5.7706931,5.278196,3.8000036,7.7413826
four_cluster,100,pso_low_3x4,qos_violation,0.011333333,0.018519949,0.0044186473,0.018248019
four_cluster,100,pso_low_3x4,jain_fairness,0.52571282,0.087504277,0.49304185,0.55838378
four_cluster,100,pso_low_3x4,time_s,0.0071,0.0030777287,0.0059508863,0.0082491137
four_cluster,100,pso_mid_6x8,coverage,1,0,1,1
four_cluster,100,pso_mid_6x8,K,6.5333333,0.62881022,6.2985581,6.7681086
four_cluster,100,pso_mid_6x8,throughput_Mbps,7204.5654,1129.9853,6782.6693,7626.4614
four_cluster,100,pso_mid_6x8,mean_user_rate_Mbps,72.045654,11.299853,67.826693,76.264614
four_cluster,100,pso_mid_6x8,p5_rate_Mbps,11.894363,5.820792,9.721088,14.067639
four_cluster,100,pso_mid_6x8,qos_violation,0,0,0,0
four_cluster,100,pso_mid_6x8,jain_fairness,0.5564027,0.07922643,0.52682238,0.58598301
four_cluster,100,pso_mid_6x8,time_s,0.024333333,0.006514352,0.021901107,0.026765559
four_cluster,200,alns_no_refine,coverage,0.99966667,0.0018257419,0.998985,1.0003483
four_cluster,200,alns_no_refine,K,12,1.1744404,11.561506,12.438494
four_cluster,200,alns_no_refine,throughput_Mbps,4251.8678,632.49868,4015.7155,4488.0202
four_cluster,200,alns_no_refine,mean_user_rate_Mbps,21.259339,3.1624934,20.078577,22.440101
four_cluster,200,alns_no_refine,p5_rate_Mbps,2.8561467,1.3887228,2.3376473,3.374646
four_cluster,200,alns_no_refine,qos_violation,0.00033333333,0.0018257419,-0.00034833333,0.001015
four_cluster,200,alns_no_refine,jain_fairness,0.54092343,0.070342332,0.51466013,0.56718674
four_cluster,200,alns_no_refine,time_s,0.0478,0.020899431,0.039996901,0.055603099
four_cluster,200,alns_sca_lite,coverage,0.99983333,0.00091287093,0.9994925,1.0001742
four_cluster,200,alns_sca_lite,K,13.266667,1.2847469,12.786988,13.746345
four_cluster,200,alns_sca_lite,throughput_Mbps,9855.832,3797.3252,8438.0467,11273.617
four_cluster,200,alns_sca_lite,mean_user_rate_Mbps,49.27916,18.986626,42.190233,56.368087
four_cluster,200,alns_sca_lite,p5_rate_Mbps,8.1283622,5.1276163,6.2138938,10.042831
four_cluster,200,alns_sca_lite,qos_violation,0.00016666667,0.00091287093,-0.00017416667,0.0005075
four_cluster,200,alns_sca_lite,jain_fairness,0.64226776,0.078451403,0.61297682,0.67155871
four_cluster,200,alns_sca_lite,time_s,0.085266667,0.030226653,0.073981116,0.096552217
four_cluster,200,fixed_gno_refine,coverage,0.99983333,0.00091287093,0.9994925,1.0001742
four_cluster,200,fixed_gno_refine,K,20,0,20,20
four_cluster,200,fixed_gno_refine,throughput_Mbps,10130.511,4763.1734,8352.1122,11908.909
four_cluster,200,fixed_gno_refine,mean_user_rate_Mbps,50.652553,23.815867,41.760561,59.544546
four_cluster,200,fixed_gno_refine,p5_rate_Mbps,11.611213,7.2901831,8.8893191,14.333106
four_cluster,200,fixed_gno_refine,qos_violation,0.00016666667,0.00091287093,-0.00017416667,0.0005075
four_cluster,200,fixed_gno_refine,jain_fairness,0.69833846,0.091966998,0.66400127,0.73267564
four_cluster,200,fixed_gno_refine,time_s,0.0546,0.022556595,0.046178175,0.063021825
four_cluster,200,gno,coverage,0.9995,0.0020128895,0.99874846,1.0002515
four_cluster,200,gno,K,20,0,20,20
four_cluster,200,gno,throughput_Mbps,3617.4647,576.89275,3402.0736,3832.8558
four_cluster,200,gno,mean_user_rate_Mbps,18.087323,2.8844637,17.010368,19.164279
four_cluster,200,gno,p5_rate_Mbps,3.862531,1.4884868,3.3067833,4.4182787
four_cluster,200,gno,qos_violation,0.0005,0.0020128895,-0.0002515409,0.0012515409
four_cluster,200,gno,jain_fairness,0.58153372,0.071387045,0.55488035,0.60818709
four_cluster,200,gno,time_s,0.0074,0.0092981274,0.003928412,0.010871588
four_cluster,200,kmeans_grid,coverage,0.88466667,0.033986136,0.87197746,0.89735587
four_cluster,200,kmeans_grid,K,10,0,10,10
four_cluster,200,kmeans_grid,throughput_Mbps,12677.131,717.77601,12409.139,12945.123
four_cluster,200,kmeans_grid,mean_user_rate_Mbps,63.385655,3.5888801,62.045695,64.725614
four_cluster,200,kmeans_grid,p5_rate_Mbps,0,0,0,0
four_cluster,200,kmeans_grid,qos_violation,0.11533333,0.033986136,0.10264413,0.12802254
four_cluster,200,kmeans_grid,jain_fairness,0.59301045,0.038485998,0.57864115,0.60737974
four_cluster,200,kmeans_grid,time_s,0.0045333333,0.0016131642,0.0039310355,0.0051356311
four_cluster,200,pso_high_12x16,coverage,1,0,1,1
four_cluster,200,pso_high_12x16,K,13.266667,1.2847469,12.786988,13.746345
four_cluster,200,pso_high_12x16,throughput_Mbps,8036.928,677.4356,7783.9977,8289.8582
four_cluster,200,pso_high_12x16,mean_user_rate_Mbps,40.18464,3.387178,38.919989,41.449291
four_cluster,200,pso_high_12x16,p5_rate_Mbps,6.4869062,3.7788772,5.0760087,7.8978036
four_cluster,200,pso_high_12x16,qos_violation,0,0,0,0
four_cluster,200,pso_high_12x16,jain_fairness,0.64032501,0.09203847,0.60596114,0.67468888
four_cluster,200,pso_high_12x16,time_s,0.3769,0.20204205,0.30146473,0.45233527
four_cluster,200,pso_low_3x4,coverage,0.99333333,0.012200433,0.98877813,0.99788854
four_cluster,200,pso_low_3x4,K,13.266667,1.2847469,12.786988,13.746345
four_cluster,200,pso_low_3x4,throughput_Mbps,6152.3968,940.91233,5801.0938,6503.6998
four_cluster,200,pso_low_3x4,mean_user_rate_Mbps,30.761984,4.7045616,29.005469,32.518499
four_cluster,200,pso_low_3x4,p5_rate_Mbps,3.3099613,2.7283284,2.2913011,4.3286214
four_cluster,200,pso_low_3x4,qos_violation,0.0066666667,0.012200433,0.0021114615,0.011221872
four_cluster,200,pso_low_3x4,jain_fairness,0.60652378,0.079320647,0.57690829,0.63613927
four_cluster,200,pso_low_3x4,time_s,0.027666667,0.012078289,0.023157066,0.032176267
four_cluster,200,pso_mid_6x8,coverage,0.99916667,0.0037331999,0.99777282,1.0005605
four_cluster,200,pso_mid_6x8,K,13.266667,1.2847469,12.786988,13.746345
four_cluster,200,pso_mid_6x8,throughput_Mbps,6694.2391,816.13255,6389.5244,6998.9537
four_cluster,200,pso_mid_6x8,mean_user_rate_Mbps,33.471195,4.0806628,31.947622,34.994769
four_cluster,200,pso_mid_6x8,p5_rate_Mbps,5.0392431,3.284374,3.8129754,6.2655108
four_cluster,200,pso_mid_6x8,qos_violation,0.00083333333,0.0037331999,-0.0005605099,0.0022271766
four_cluster,200,pso_mid_6x8,jain_fairness,0.60145768,0.096807512,0.56531322,0.63760214
four_cluster,200,pso_mid_6x8,time_s,0.094833333,0.046979147,0.077293001,0.11237367
four_cluster,300,alns_no_refine,coverage,0.99866667,0.004341724,0.99704562,1.0002877
four_cluster,300,alns_no_refine,K,19.133333,2.1613108,18.326377,19.940289
four_cluster,300,alns_no_refine,throughput_Mbps,4805.8315,693.85951,4546.7691,5064.8938
four_cluster,300,alns_no_refine,mean_user_rate_Mbps,16.019438,2.312865,15.155897,16.882979
four_cluster,300,alns_no_refine,p5_rate_Mbps,2.1079548,0.82580253,1.7996297,2.4162799
four_cluster,300,alns_no_refine,qos_violation,0.0013333327,0.004341724,-0.00028771169,0.002954377
four_cluster,300,alns_no_refine,jain_fairness,0.50998184,0.052528624,0.49036954,0.52959415
four_cluster,300,alns_no_refine,time_s,0.038066667,0.0074321452,0.03529177,0.040841564
four_cluster,300,alns_sca_lite,coverage,1,0,1,1
four_cluster,300,alns_sca_lite,K,20.033333,2.1412747,19.233858,20.832809
four_cluster,300,alns_sca_lite,throughput_Mbps,11610.65,7080.7177,8966.9633,14254.336
four_cluster,300,alns_sca_lite,mean_user_rate_Mbps,38.702166,23.602392,29.889878,47.514455
four_cluster,300,alns_sca_lite,p5_rate_Mbps,7.1912271,6.201017,4.8759893,9.5064649
four_cluster,300,alns_sca_lite,qos_violation,0,0,0,0
four_cluster,300,alns_sca_lite,jain_fairness,0.62820526,0.10168902,0.59023822,0.6661723
four_cluster,300,alns_sca_lite,time_s,0.064266667,0.01044504,0.060366863,0.068166471
four_cluster,300,fixed_gno_refine,coverage,0.99955556,0.0024343219,0.99864667,1.0004644
four_cluster,300,fixed_gno_refine,K,30,0,30,30
four_cluster,300,fixed_gno_refine,throughput_Mbps,11289.682,7378.255,8534.9056,14044.458
four_cluster,300,fixed_gno_refine,mean_user_rate_Mbps,37.632273,24.594183,28.449685,46.814861
four_cluster,300,fixed_gno_refine,p5_rate_Mbps,9.1259574,7.6112719,6.2841809,11.967734
four_cluster,300,fixed_gno_refine,qos_violation,0.00044444433,0.0024343219,-0.00046444433,0.001353333
four_cluster,300,fixed_gno_refine,jain_fairness,0.65152277,0.12659562,0.6042565,0.69878905
four_cluster,300,fixed_gno_refine,time_s,0.035066667,0.0061078431,0.032786217,0.037347117
four_cluster,300,gno,coverage,0.99811111,0.0049273125,0.99627143,0.99995079
four_cluster,300,gno,K,30,0,30,30
four_cluster,300,gno,throughput_Mbps,4329.4337,590.19826,4109.0748,4549.7926
four_cluster,300,gno,mean_user_rate_Mbps,14.431446,1.9673275,13.696916,15.165975
four_cluster,300,gno,p5_rate_Mbps,2.4319283,0.86903738,2.1074608,2.7563957
four_cluster,300,gno,qos_violation,0.0018888883,0.0049273125,4.9206191e-05,0.0037285705
four_cluster,300,gno,jain_fairness,0.52167886,0.062687661,0.49827354,0.54508419
four_cluster,300,gno,time_s,0.0034,0.00062145547,0.0031679708,0.0036320292
four_cluster,300,kmeans_grid,coverage,0.90566667,0.025851773,0.89601454,0.91531879
four_cluster,300,kmeans_grid,K,15,0,15,15
four_cluster,300,kmeans_grid,throughput_Mbps,18760.042,1335.362,18261.465,19258.618
four_cluster,300,kmeans_grid,mean_user_rate_Mbps,62.533472,4.4512066,60.871551,64.195393
four_cluster,300,kmeans_grid,p5_rate_Mbps,0.017201454,0.094216244,-0.017975519,0.052378427
four_cluster,300,kmeans_grid,qos_violation,0.094333333,0.025851773,0.084681206,0.10398546
four_cluster,300,kmeans_grid,jain_fairness,0.62390958,0.033731444,0.61131547,0.63650369
four_cluster,300,kmeans_grid,time_s,0.0033666667,0.00066867514,0.0031170073,0.003616326
four_cluster,300,pso_high_12x16,coverage,0.99966667,0.0018257419,0.998985,1.0003483
four_cluster,300,pso_high_12x16,K,20.033333,2.1412747,19.233858,20.832809
four_cluster,300,pso_high_12x16,throughput_Mbps,8506.4587,910.44115,8166.5325,8846.3848
four_cluster,300,pso_high_12x16,mean_user_rate_Mbps,28.354862,3.0348038,27.221775,29.487949
four_cluster,300,pso_high_12x16,p5_rate_Mbps,3.8280365,1.5452718,3.2510873,4.4049857
four_cluster,300,pso_high_12x16,qos_violation,0.00033333333,0.0018257419,-0.00034833333,0.001015
four_cluster,300,pso_high_12x16,jain_fairness,0.62393263,0.054720686,0.60350188,0.64436337
four_cluster,300,pso_high_12x16,time_s,0.27693333,0.039986147,0.26200394,0.29186273
four_cluster,300,pso_low_3x4,coverage,0.99544444,0.0063416968,0.99307668,0.99781221
four_cluster,300,pso_low_3x4,K,20.033333,2.1412747,19.233858,20.832809
four_cluster,300,pso_low_3x4,throughput_Mbps,6692.4579,720.00917,6423.6322,6961.2835
four_cluster,300,pso_low_3x4,mean_user_rate_Mbps,22.308193,2.4000306,21.412107,23.204278
four_cluster,300,pso_low_3x4,p5_rate_Mbps,3.1130506,1.8023681,2.4401108,3.7859903
four_cluster,300,pso_low_3x4,qos_violation,0.0045555557,0.0063416968,0.0021877931,0.0069233183
four_cluster,300,pso_low_3x4,jain_fairness,0.63678571,0.069685278,0.61076772,0.6628037
four_cluster,300,pso_low_3x4,time_s,0.021733333,0.0073995961,0.018970589,0.024496078
four_cluster,300,pso_mid_6x8,coverage,0.99888889,0.0034277798,0.99760908,1.0001687
four_cluster,300,pso_mid_6x8,K,20.033333,2.1412747,19.233858,20.832809
four_cluster,300,pso_mid_6x8,throughput_Mbps,7464.1216,898.11536,7128.7975,7799.4457
four_cluster,300,pso_mid_6x8,mean_user_rate_Mbps,24.880405,2.9937179,23.762658,25.998152
four_cluster,300,pso_mid_6x8,p5_rate_Mbps,3.0643341,1.9886994,2.3218249,3.8068433
four_cluster,300,pso_mid_6x8,qos_violation,0.0011111107,0.0034277798,-0.00016869962,0.0023909209
four_cluster,300,pso_mid_6x8,jain_fairness,0.61991415,0.061293538,0.59702934,0.64279897
four_cluster,300,pso_mid_6x8,time_s,0.0736,0.012813247,0.068815992,0.078384008
four_cluster,400,alns_no_refine,coverage,0.9965,0.0048066047,0.99470539,0.99829461
four_cluster,400,alns_no_refine,K,26.2,1.8827713,25.497041,26.902959
four_cluster,400,alns_no_refine,throughput_Mbps,5523.4705,604.89091,5297.6259,5749.3151
four_cluster,400,alns_no_refine,mean_user_rate_Mbps,13.808676,1.5122273,13.244065,14.373288
four_cluster,400,alns_no_refine,p5_rate_Mbps,1.6469797,0.44756518,1.4798748,1.8140845
four_cluster,400,alns_no_refine,qos_violation,0.0035,0.0048066047,0.0017053859,0.0052946141
four_cluster,400,alns_no_refine,jain_fairness,0.49528185,0.050443416,0.47644808,0.51411562
four_cluster,400,alns_no_refine,time_s,0.0604,0.0030354231,0.059266682,0.061533318
four_cluster,400,alns_sca_lite,coverage,0.99933333,0.0014582307,0.99878888,0.99987778
four_cluster,400,alns_sca_lite,K,27.466667,2.7634727,26.434885,28.498448
four_cluster,400,alns_sca_lite,throughput_Mbps,11748.454,8180.3689,8694.1966,14802.71
four_cluster,400,alns_sca_lite,mean_user_rate_Mbps,29.371134,20.450922,21.735491,37.006776
four_cluster,400,alns_sca_lite,p5_rate_Mbps,5.4613713,5.6002286,3.3704464,7.5522963
four_cluster,400,alns_sca_lite,qos_violation,0.00066666667,0.0014582307,0.00012221551,0.0012111178
four_cluster,400,alns_sca_lite,jain_fairness,0.5925965,0.10757125,0.55243325,0.63275976
four_cluster,400,alns_sca_lite,time_s,0.1019,0.0058859857,0.099702384,0.10409762
four_cluster,400,fixed_gno_refine,coverage,0.99875,0.0028428677,0.99768857,0.99981143
four_cluster,400,fixed_gno_refine,K,40,0,40,40
four_cluster,400,fixed_gno_refine,throughput_Mbps,10699.359,8042.8,7696.4655,13702.253
four_cluster,400,fixed_gno_refine,mean_user_rate_Mbps,26.748398,20.107,19.241164,34.255632
four_cluster,400,fixed_gno_refine,p5_rate_Mbps,6.2172158,6.2932798,3.8675304,8.5669013
four_cluster,400,fixed_gno_refine,qos_violation,0.00125,0.0028428677,0.00018857496,0.002311425
four_cluster,400,fixed_gno_refine,jain_fairness,0.59976366,0.13007757,0.55119735,0.64832997
four_cluster,400,fixed_gno_refine,time_s,0.049833333,0.0023205727,0.048966915,0.050699752
four_cluster,400,gno,coverage,0.99633333,0.0047675869,0.99455329,0.99811338
four_cluster,400,gno,K,40,0,40,40
four_cluster,400,gno,throughput_Mbps,4881.6345,610.22063,4653.7999,5109.469
four_cluster,400,gno,mean_user_rate_Mbps,12.204086,1.5255516,11.6345,12.773673
four_cluster,400,gno,p5_rate_Mbps,1.9404958,0.50323567,1.7526057,2.128386
four_cluster,400,gno,qos_violation,0.0036666667,0.0047675869,0.0018866203,0.005446713
four_cluster,400,gno,jain_fairness,0.5060799,0.055612984,0.48531601,0.5268438
four_cluster,400,gno,time_s,0.0049333333,0.00052083046,0.0047388739,0.0051277928
four_cluster,400,kmeans_grid,coverage,0.89616667,0.032864228,0.88389634,0.90843699
four_cluster,400,kmeans_grid,K,20,0,20,20
four_cluster,400,kmeans_grid,throughput_Mbps,23433.542,1157.7239,23001.29,23865.795
four_cluster,400,kmeans_grid,mean_user_rate_Mbps,58.583856,2.8943097,57.503224,59.664488
four_cluster,400,kmeans_grid,p5_rate_Mbps,0,0,0,0
four_cluster,400,kmeans_grid,qos_violation,0.10383333,0.032864228,0.091563007,0.11610366
four_cluster,400,kmeans_grid,jain_fairness,0.62389074,0.03012159,0.61264442,0.63513707
four_cluster,400,kmeans_grid,time_s,0.0047333333,0.00052083046,0.0045388739,0.0049277928
four_cluster,400,pso_high_12x16,coverage,1,0,1,1
four_cluster,400,pso_high_12x16,K,27.466667,2.7634727,26.434885,28.498448
four_cluster,400,pso_high_12x16,throughput_Mbps,9245.2475,1141.4005,8819.0894,9671.4056
four_cluster,400,pso_high_12x16,mean_user_rate_Mbps,23.113119,2.8535014,22.047724,24.178514
four_cluster,400,pso_high_12x16,p5_rate_Mbps,3.5741062,1.4680214,3.0259996,4.1222128
four_cluster,400,pso_high_12x16,qos_violation,0,0,0,0
four_cluster,400,pso_high_12x16,jain_fairness,0.62616588,0.051690424,0.60686653,0.64546523
four_cluster,400,pso_high_12x16,time_s,0.44773333,0.04954269,0.42923587,0.4662308
four_cluster,400,pso_low_3x4,coverage,0.99675,0.005914258,0.99454183,0.99895817
four_cluster,400,pso_low_3x4,K,27.466667,2.7634727,26.434885,28.498448
four_cluster,400,pso_low_3x4,throughput_Mbps,7543.0599,1016.7063,7163.4581,7922.6616
four_cluster,400,pso_low_3x4,mean_user_rate_Mbps,18.85765,2.5417658,17.908645,19.806654
four_cluster,400,pso_low_3x4,p5_rate_Mbps,2.9063573,1.3675637,2.395758,3.4169566
four_cluster,400,pso_low_3x4,qos_violation,0.00325,0.005914258,0.0010418277,0.0054581723
four_cluster,400,pso_low_3x4,jain_fairness,0.63689918,0.06655838,0.61204867,0.6617497
four_cluster,400,pso_low_3x4,time_s,0.032666667,0.0045813214,0.030956165,0.034377168
four_cluster,400,pso_mid_6x8,coverage,0.99883333,0.0040329106,0.99732759,1.0003391
four_cluster,400,pso_mid_6x8,K,27.466667,2.7634727,26.434885,28.498448
four_cluster,400,pso_mid_6x8,throughput_Mbps,7996.0566,904.14245,7658.4821,8333.631
four_cluster,400,pso_mid_6x8,mean_user_rate_Mbps,19.990141,2.2603561,19.146205,20.834077
four_cluster,400,pso_mid_6x8,p5_rate_Mbps,3.2326678,1.7467933,2.5804777,3.8848578
four_cluster,400,pso_mid_6x8,qos_violation,0.0011666667,0.0040329106,-0.00033907781,0.0026724111
four_cluster,400,pso_mid_6x8,jain_fairness,0.64191122,0.060817587,0.61920411,0.66461833
four_cluster,400,pso_mid_6x8,time_s,0.11846667,0.014554851,0.11303241,0.12390093
hotspot,100,alns_no_refine,coverage,0.989,0.011551981,0.9846869,0.9933131
hotspot,100,alns_no_refine,K,6.2333333,0.62606232,5.9995841,6.4670826
hotspot,100,alns_no_refine,throughput_Mbps,4547.3612,648.91794,4305.0784,4789.6439
hotspot,100,alns_no_refine,mean_user_rate_Mbps,45.473612,6.4891794,43.050784,47.896439
hotspot,100,alns_no_refine,p5_rate_Mbps,6.3312575,3.4362135,5.0482984,7.6142167
hotspot,100,alns_no_refine,qos_violation,0.011,0.011551981,0.0066869036,0.015313096
hotspot,100,alns_no_refine,jain_fairness,0.53634388,0.074594583,0.50849293,0.56419483
hotspot,100,alns_no_refine,time_s,0.0051666667,0.0034748687,0.0038692751,0.0064640583
hotspot,100,alns_sca_lite,coverage,0.99766667,0.0050400693,0.99578489,0.99954845
hotspot,100,alns_sca_lite,K,6.7333333,0.58329228,6.5155529,6.9511138
hotspot,100,alns_sca_lite,throughput_Mbps,6249.0697,886.82508,5917.9609,6580.1784
hotspot,100,alns_sca_lite,mean_user_rate_Mbps,62.490697,8.8682508,59.179609,65.801784
hotspot,100,alns_sca_lite,p5_rate_Mbps,12.961632,3.9309862,11.493942,14.429322
hotspot,100,alns_sca_lite,qos_violation,0.0023333333,0.0050400693,0.00045155183,0.0042151148
hotspot,100,alns_sca_lite,jain_fairness,0.66319219,0.06069261,0.64053174,0.68585264
hotspot,100,alns_sca_lite,time_s,0.010466667,0.0016965143,0.0098332489,0.011100084
hotspot,100,fixed_gno_refine,coverage,1,0,1,1
hotspot,100,fixed_gno_refine,K,10,0,10,10
hotspot,100,fixed_gno_refine,throughput_Mbps,6440.0738,942.77699,6088.0746,6792.073
hotspot,100,fixed_gno_refine,mean_user_rate_Mbps,64.400738,9.4277699,60.880746,67.92073
hotspot,100,fixed_gno_refine,p5_rate_Mbps,17.869725,2.9433257,16.770793,18.968658
hotspot,100,fixed_gno_refine,qos_violation,0,0,0,0
hotspot,100,fixed_gno_refine,jain_fairness,0.6853061,0.076027092,0.6569203,0.71369189
hotspot,100,fixed_gno_refine,time_s,0.0072333333,0.0015465943,0.0066558904,0.0078107763
hotspot,100,gno,coverage,0.989,0.011551981,0.9846869,0.9933131
hotspot,100,gno,K,10,0,10,10
hotspot,100,gno,throughput_Mbps,3347.9904,466.63131,3173.7669,3522.2138
hotspot,100,gno,mean_user_rate_Mbps,33.479904,4.6663131,31.737669,35.222138
hotspot,100,gno,p5_rate_Mbps,6.9370258,1.5739408,6.3493727,7.524679
hotspot,100,gno,qos_violation,0.011,0.011551981,0.0066869036,0.015313096
hotspot,100,gno,jain_fairness,0.49174109,0.07351801,0.46429209,0.51919008
hotspot,100,gno,time_s,0.00066666667,0.0004794633,0.00048765223,0.0008456811
hotspot,100,kmeans_grid,coverage,0.77566667,0.058585825,0.75379282,0.79754052
hotspot,100,kmeans_grid,K,5,0,5,5
hotspot,100,kmeans_grid,throughput_Mbps,6347.313,822.99601,6040.0357,6654.5902
hotspot,100,kmeans_grid,mean_user_rate_Mbps,63.47313,8.2299601,60.400357,66.545902
hotspot,100,kmeans_grid,p5_rate_Mbps,0,0,0,0
hotspot,100,kmeans_grid,qos_violation,0.22433333,0.058585825,0.20245948,0.24620718
hotspot,100,kmeans_grid,jain_fairness,0.46673691,0.074011883,0.43910352,0.4943703
hotspot,100,kmeans_grid,time_s,0.00046666667,0.00050741626,0.00027721559,0.00065611774
hotspot,100,pso_high_12x16,coverage,1,0,1,1
hotspot,100,pso_high_12x16,K,6.7333333,0.58329228,6.5155529,6.9511138
hotspot,100,pso_high_12x16,throughput_Mbps,4319.9903,1146.2848,3892.0086,4747.972
hotspot,100,pso_high_12x16,mean_user_rate_Mbps,43.199903,11.462848,38.920086,47.47972
hotspot,100,pso_high_12x16,p5_rate_Mbps,3.0203662,2.6152543,2.0439238,3.9968085
hotspot,100,pso_high_12x16,qos_violation,0,0,0,0
hotspot,100,pso_high_12x16,jain_fairness,0.3547192,0.093155494,0.31993828,0.38950013
hotspot,100,pso_high_12x16,time_s,0.043033333,0.0095754115,0.039458217,0.046608449
hotspot,100,pso_low_3x4,coverage,0.967,0.037522407,0.95299048,0.98100952
hotspot,100,pso_low_3x4,K,6.7333333,0.58329228,6.5155529,6.9511138
hotspot,100,pso_low_3x4,throughput_Mbps,2554.6287,505.4096,2365.9268,2743.3305
hotspot,100,pso_low_3x4,mean_user_rate_Mbps,25.546287,5.054096,23.659268,27.433305
hotspot,100,pso_low_3x4,p5_rate_Mbps,1.0931212,1.163863,0.65857638,1.527666
hotspot,100,pso_low_3x4,qos_violation,0.033,0.037522407,0.018990476,0.047009524
hotspot,100,pso_low_3x4,jain_fairness,0.3595367,0.089717145,0.32603953,0.39303388
hotspot,100,pso_low_3x4,time_s,0.0026666667,0.000711159,0.0024011453,0.002932188
hotspot,100,pso_mid_6x8,coverage,0.99766667,0.0062606232,0.99532917,1.0000042
hotspot,100,pso_mid_6x8,K,6.7333333,0.58329228,6.5155529,6.9511138
hotspot,100,pso_mid_6x8,throughput_Mbps,3126.4353,728.16386,2854.565,3398.3056
hotspot,100,pso_mid_6x8,mean_user_rate_Mbps,31.264353,7.2816386,28.54565,33.983056
hotspot,100,pso_mid_6x8,p5_rate_Mbps,2.1627085,1.7062184,1.5256676,2.7997494
hotspot,100,pso_mid_6x8,qos_violation,0.0023333333,0.0062606232,-4.1592855e-06,0.004670826
hotspot,100,pso_mid_6x8,jain_fairness,0.36115086,0.093307382,0.32631322,0.3959885
hotspot,100,pso_mid_6x8,time_s,0.0111,0.003516954,0.0097868952,0.012413105
hotspot,200,alns_no_refine,coverage,0.99483333,0.0062261037,0.99250873,0.99715794
hotspot,200,alns_no_refine,K,11.833333,0.91287093,11.4925,12.174167
hotspot,200,alns_no_refine,throughput_Mbps,6233.1516,905.86715,5894.9332,6571.3699
hotspot,200,alns_no_refine,mean_user_rate_Mbps,31.165758,4.5293357,29.474666,32.85685
hotspot,200,alns_no_refine,p5_rate_Mbps,3.9910167,1.1901403,3.5466609,4.4353725
hotspot,200,alns_no_refine,qos_violation,0.0051666667,0.0062261037,0.0028420624,0.007491271
hotspot,200,alns_no_refine,jain_fairness,0.48453806,0.070715009,0.4581356,0.51094051
hotspot,200,alns_no_refine,time_s,0.024733333,0.0064054574,0.022341765,0.027124902
hotspot,200,alns_sca_lite,coverage,0.99983333,0.00091287093,0.9994925,1.0001742
hotspot,200,alns_sca_lite,K,12.833333,0.64771925,12.591498,13.075169
hotspot,200,alns_sca_lite,throughput_Mbps,10360.838,811.12935,10057.991,10663.684
hotspot,200,alns_sca_lite,mean_user_rate_Mbps,51.804188,4.0556468,50.289955,53.318422
hotspot,200,alns_sca_lite,p5_rate_Mbps,10.614568,2.8204038,9.5615306,11.667606
hotspot,200,alns_sca_lite,qos_violation,0.00016666667,0.00091287093,-0.00017416667,0.0005075
hotspot,200,alns_sca_lite,jain_fairness,0.5826624,0.058436783,0.56084419,0.6044806
hotspot,200,alns_sca_lite,time_s,0.0461,0.0085110476,0.042922279,0.049277721
hotspot,200,fixed_gno_refine,coverage,1,0,1,1
hotspot,200,fixed_gno_refine,K,20,0,20,20
hotspot,200,fixed_gno_refine,throughput_Mbps,9311.2936,785.12493,9018.1561,9604.4312
hotspot,200,fixed_gno_refine,mean_user_rate_Mbps,46.556468,3.9256246,45.09078,48.022156
hotspot,200,fixed_gno_refine,p5_rate_Mbps,14.96226,1.6096599,14.36127,15.563249
hotspot,200,fixed_gno_refine,qos_violation,0,0,0,0
hotspot,200,fixed_gno_refine,jain_fairness,0.64176426,0.073769448,0.61422138,0.66930713
hotspot,200,fixed_gno_refine,time_s,0.026966667,0.005798236,0.024801813,0.02913152
hotspot,200,gno,coverage,0.99483333,0.0062261037,0.99250873,0.99715794
hotspot,200,gno,K,20,0,20,20
hotspot,200,gno,throughput_Mbps,4407.1513,666.13522,4158.4402,4655.8623
hotspot,200,gno,mean_user_rate_Mbps,22.035756,3.3306761,20.792201,23.279312
hotspot,200,gno,p5_rate_Mbps,3.9732878,1.0726468,3.5727999,4.3737757
hotspot,200,gno,qos_violation,0.0051666667,0.0062261037,0.0028420624,0.007491271
hotspot,200,gno,jain_fairness,0.44337874,0.085529352,0.41144514,0.47531234
hotspot,200,gno,time_s,0.0026333333,0.0007183954,0.0023651102,0.0029015565
hotspot,200,kmeans_grid,coverage,0.811,0.044341932,0.79444431,0.82755569
hotspot,200,kmeans_grid,K,10,0,10,10
hotspot,200,kmeans_grid,throughput_Mbps,10409.31,893.5059,10075.707,10742.913
hotspot,200,kmeans_grid,mean_user_rate_Mbps,52.046549,4.4675295,50.378533,53.714564
hotspot,200,kmeans_grid,p5_rate_Mbps,0,0,0,0
hotspot,200,kmeans_grid,qos_violation,0.189,0.044341932,0.17244431,0.20555569
hotspot,200,kmeans_grid,jain_fairness,0.49488238,0.040553022,0.47974133,0.51002342
hotspot,200,kmeans_grid,time_s,0.0023666667,0.0007183954,0.0020984435,0.0026348898
hotspot,200,pso_high_12x16,coverage,0.9995,0.0020128895,0.99874846,1.0002515
hotspot,200,pso_high_12x16,K,12.833333,0.64771925,12.591498,13.075169
hotspot,200,pso_high_12x16,throughput_Mbps,3518.7614,839.625,3205.2755,3832.2474
hotspot,200,pso_high_12x16,mean_user_rate_Mbps,17.593807,4.198125,16.026378,19.161237
hotspot,200,pso_high_12x16,p5_rate_Mbps,1.4217036,0.62815695,1.1871723,1.6562349
hotspot,200,pso_high_12x16,qos_violation,0.0005,0.0020128895,-0.0002515409,0.0012515409
hotspot,200,pso_high_12x16,jain_fairness,0.31391308,0.10389105,0.27512387,0.35270228
hotspot,200,pso_high_12x16,time_s,0.1927,0.06946701,0.1667635,0.2186365
hotspot,200,pso_low_3x4,coverage,0.921,0.046226578,0.90374065,0.93825935
hotspot,200,pso_low_3x4,K,12.833333,0.64771925,12.591498,13.075169
hotspot,200,pso_low_3x4,throughput_Mbps,3003.0976,646.80754,2761.6028,3244.5924
hotspot,200,pso_low_3x4,mean_user_rate_Mbps,15.015488,3.2340377,13.808014,16.222962
hotspot,200,pso_low_3x4,p5_rate_Mbps,0.21952416,0.3506182,0.088615876,0.35043245
hotspot,200,pso_low_3x4,qos_violation,0.079,0.046226578,0.06174065,0.09625935
hotspot,200,pso_low_3x4,jain_fairness,0.34091067,0.081426133,0.31050906,0.37131227
hotspot,200,pso_low_3x4,time_s,0.0125,0.0027636807,0.011468141,0.013531859
hotspot,200,pso_mid_6x8,coverage,0.9765,0.023161725,0.96785224,0.98514776
hotspot,200,pso_mid_6x8,K,12.833333,0.64771925,12.591498,13.075169
hotspot,200,pso_mid_6x8,throughput_Mbps,3080.1759,631.71291,2844.3169,3316.0349
hotspot,200,pso_mid_6x8,mean_user_rate_Mbps,15.40088,3.1585645,14.221585,16.580175
hotspot,200,pso_mid_6x8,p5_rate_Mbps,0.87386926,0.45024588,0.70576356,1.041975
hotspot,200,pso_mid_6x8,qos_violation,0.0235,0.023161725,0.014852241,0.032147759
hotspot,200,pso_mid_6x8,jain_fairness,0.33488281,0.073200396,0.3075524,0.36221322
hotspot,200,pso_mid_6x8,time_s,0.047166667,0.012445975,0.042519785,0.051813548
hotspot,300,alns_no_refine,coverage,0.99633333,0.0035395958,0.99501178,0.99765489
hotspot,300,alns_no_refine,K,18.3,1.6640209,17.678714,18.921286
hotspot,300,alns_no_refine,throughput_Mbps,6849.7079,839.55893,6536.2466,7163.1691
hotspot,300,alns_no_refine,mean_user_rate_Mbps,22.83236,2.7985298,21.787489,23.87723
hotspot,300,alns_no_refine,p5_rate_Mbps,3.2151982,0.53867132,3.0140776,3.4163188
hotspot,300,alns_no_refine,qos_violation,0.003666666,0.0035395958,0.0023451076,0.0049882244
hotspot,300,alns_no_refine,jain_fairness,0.44033447,0.059489924,0.41812306,0.46254588
hotspot,300,alns_no_refine,time_s,0.0846,0.036859098,0.070838132,0.098361868
hotspot,300,alns_sca_lite,coverage,1,0,1,1
hotspot,300,alns_sca_lite,K,19.133333,1.5252661,18.563854,19.702813
hotspot,300,alns_sca_lite,throughput_Mbps,12554.434,1529.1717,11983.496,13125.372
hotspot,300,alns_sca_lite,mean_user_rate_Mbps,41.848113,5.0972388,39.944986,43.75124
hotspot,300,alns_sca_lite,p5_rate_Mbps,9.8684422,1.8818687,9.1658198,10.571065
hotspot,300,alns_sca_lite,qos_violation,0,0,0,0
hotspot,300,alns_sca_lite,jain_fairness,0.56145942,0.057480196,0.53999837,0.58292047
hotspot,300,alns_sca_lite,time_s,0.14633333,0.069733153,0.12029747,0.1723692
hotspot,300,fixed_gno_refine,coverage,1,0,1,1
hotspot,300,fixed_gno_refine,K,30,0,30,30
hotspot,300,fixed_gno_refine,throughput_Mbps,10810.029,1064.1446,10412.715,11207.342
hotspot,300,fixed_gno_refine,mean_user_rate_Mbps,36.033429,3.5471486,34.709051,37.357808
hotspot,300,fixed_gno_refine,p5_rate_Mbps,10.99671,1.3303305,10.500013,11.493408
hotspot,300,fixed_gno_refine,qos_violation,0,0,0,0
hotspot,300,fixed_gno_refine,jain_fairness,0.57610396,0.039355819,0.56140991,0.59079802
hotspot,300,fixed_gno_refine,time_s,0.0762,0.035982179,0.062765542,0.089634458
hotspot,300,gno,coverage,0.99633333,0.0035395958,0.99501178,0.99765489
hotspot,300,gno,K,30,0,30,30
hotspot,300,gno,throughput_Mbps,4790.0609,512.70808,4598.634,4981.4877
hotspot,300,gno,mean_user_rate_Mbps,15.96687,1.7090269,15.32878,16.604959
hotspot,300,gno,p5_rate_Mbps,2.7875746,0.49670966,2.602121,2.9730282
hotspot,300,gno,qos_violation,0.003666666,0.0035395958,0.0023451076,0.0049882244
hotspot,300,gno,jain_fairness,0.40038494,0.060291539,0.37787423,0.42289564
hotspot,300,gno,time_s,0.0076333333,0.0037461091,0.0062346703,0.0090319964
hotspot,300,kmeans_grid,coverage,0.80455556,0.037778173,0.79045054,0.81866057
hotspot,300,kmeans_grid,K,15,0,15,15
hotspot,300,kmeans_grid,throughput_Mbps,12959.722,793.83286,12663.333,13256.111
hotspot,300,kmeans_grid,mean_user_rate_Mbps,43.199073,2.6461095,42.21111,44.187035
hotspot,300,kmeans_grid,p5_rate_Mbps,0,0,0,0
hotspot,300,kmeans_grid,qos_violation,0.19544444,0.037778173,0.18133943,0.20954946
hotspot,300,kmeans_grid,jain_fairness,0.49733031,0.02762799,0.48701501,0.50764562
hotspot,300,kmeans_grid,time_s,0.0062666667,0.0029117282,0.0051795316,0.0073538018
hotspot,300,pso_high_12x16,coverage,0.99488889,0.0096582741,0.99128284,0.99849494
hotspot,300,pso_high_12x16,K,19.133333,1.5252661,18.563854,19.702813
hotspot,300,pso_high_12x16,throughput_Mbps,3835.1686,997.33034,3462.8012,4207.5361
hotspot,300,pso_high_12x16,mean_user_rate_Mbps,12.783895,3.3244345,11.542671,14.02512
hotspot,300,pso_high_12x16,p5_rate_Mbps,1.0491306,0.3123722,0.93250202,1.1657592
hotspot,300,pso_high_12x16,qos_violation,0.005111111,0.0096582741,0.0015050571,0.0087171649
hotspot,300,pso_high_12x16,jain_fairness,0.31393626,0.093679084,0.27895984,0.34891268
hotspot,300,pso_high_12x16,time_s,0.57163333,0.28398658,0.46560291,0.67766376
hotspot,300,pso_low_3x4,coverage,0.88677778,0.051621103,0.86750431,0.90605125
hotspot,300,pso_low_3x4,K,19.133333,1.5252661,18.563854,19.702813
hotspot,300,pso_low_3x4,throughput_Mbps,3381.5849,525.61562,3185.3389,3577.831
hotspot,300,pso_low_3x4,mean_user_rate_Mbps,11.27195,1.7520521,10.617796,11.926103
hotspot,300,pso_low_3x4,p5_rate_Mbps,0.10181624,0.23236252,0.015060394,0.18857209
hotspot,300,pso_low_3x4,qos_violation,0.11322222,0.051621103,0.093948749,0.13249569
hotspot,300,pso_low_3x4,jain_fairness,0.32099227,0.068355838,0.29547065,0.34651389
hotspot,300,pso_low_3x4,time_s,0.038633333,0.018786428,0.031619153,0.045647513
hotspot,300,pso_mid_6x8,coverage,0.94833333,0.035176076,0.93519985,0.96146682
hotspot,300,pso_mid_6x8,K,19.133333,1.5252661,18.563854,19.702813
hotspot,300,pso_mid_6x8,throughput_Mbps,3427.3335,639.47696,3188.5757,3666.0913
hotspot,300,pso_mid_6x8,mean_user_rate_Mbps,11.424445,2.1315899,10.628586,12.220304
hotspot,300,pso_mid_6x8,p5_rate_Mbps,0.37125582,0.39875463,0.22237511,0.52013653
hotspot,300,pso_mid_6x8,qos_violation,0.051666667,0.035176076,0.038533179,0.064800154
hotspot,300,pso_mid_6x8,jain_fairness,0.32923824,0.07315045,0.30192648,0.35655001
hotspot,300,pso_mid_6x8,time_s,0.14016667,0.067858922,0.11483057,0.16550276
hotspot,400,alns_no_refine,coverage,0.99791667,0.0030145719,0.99679113,0.9990422
hotspot,400,alns_no_refine,K,24,1.5536387,23.419927,24.580073
hotspot,400,alns_no_refine,throughput_Mbps,7318.9729,774.70898,7029.7243,7608.2215
hotspot,400,alns_no_refine,mean_user_rate_Mbps,18.297432,1.9367724,17.574311,19.020554
hotspot,400,alns_no_refine,p5_rate_Mbps,2.327166,0.43606038,2.1643566,2.4899753
hotspot,400,alns_no_refine,qos_violation,0.0020833333,0.0030145719,0.00095780008,0.0032088666
hotspot,400,alns_no_refine,jain_fairness,0.41105706,0.059291959,0.38891956,0.43319456
hotspot,400,alns_no_refine,time_s,0.081533333,0.0052505063,0.079572982,0.083493684
hotspot,400,alns_sca_lite,coverage,0.99983333,0.00063427033,0.99959652,1.0000701
hotspot,400,alns_sca_lite,K,26.366667,2.1412747,25.567191,27.166142
hotspot,400,alns_sca_lite,throughput_Mbps,13844.954,2215.7815,13017.661,14672.248
hotspot,400,alns_sca_lite,mean_user_rate_Mbps,34.612386,5.5394537,32.544152,36.68062
hotspot,400,alns_sca_lite,p5_rate_Mbps,8.1528479,2.3291402,7.2832304,9.0224655
hotspot,400,alns_sca_lite,qos_violation,0.00016666667,0.00063427033,-7.0147174e-05,0.00040348051
hotspot,400,alns_sca_lite,jain_fairness,0.52729235,0.070283104,0.50105116,0.55353355
hotspot,400,alns_sca_lite,time_s,0.13693333,0.010362177,0.13306447,0.1408022
hotspot,400,fixed_gno_refine,coverage,0.99983333,0.00063427033,0.99959652,1.0000701
hotspot,400,fixed_gno_refine,K,40,0,40,40
hotspot,400,fixed_gno_refine,throughput_Mbps,11703.813,2717.0931,10689.348,12718.278
hotspot,400,fixed_gno_refine,mean_user_rate_Mbps,29.259532,6.7927327,26.723369,31.795695
hotspot,400,fixed_gno_refine,p5_rate_Mbps,7.8419879,2.2586781,6.9986783,8.6852974
hotspot,400,fixed_gno_refine,qos_violation,0.00016666667,0.00063427033,-7.0147174e-05,0.00040348051
hotspot,400,fixed_gno_refine,jain_fairness,0.5095318,0.054385772,0.4892261,0.5298375
hotspot,400,fixed_gno_refine,time_s,0.066666667,0.0075170305,0.063860077,0.069473257
hotspot,400,gno,coverage,0.99775,0.0036759939,0.99637752,0.99912248
hotspot,400,gno,K,40,0,40,40
hotspot,400,gno,throughput_Mbps,5243.5985,580.95758,5026.6897,5460.5072
hotspot,400,gno,mean_user_rate_Mbps,13.108996,1.4523939,12.566724,13.651268
hotspot,400,gno,p5_rate_Mbps,2.1062517,0.35762631,1.9727268,2.2397766
hotspot,400,gno,qos_violation,0.00225,0.0036759939,0.00087751545,0.0036224846
hotspot,400,gno,jain_fairness,0.37857375,0.060830957,0.35586165,0.40128586
hotspot,400,gno,time_s,0.0066,0.00072397371,0.0063296941,0.0068703059
hotspot,400,kmeans_grid,coverage,0.79425,0.035307455,0.78106746,0.80743254
hotspot,400,kmeans_grid,K,20,0,20,20
hotspot,400,kmeans_grid,throughput_Mbps,15462.501,896.43513,15127.805,15797.198
hotspot,400,kmeans_grid,mean_user_rate_Mbps,38.656254,2.2410878,37.819512,39.492996
hotspot,400,kmeans_grid,p5_rate_Mbps,0,0,0,0
hotspot,400,kmeans_grid,qos_violation,0.20575,0.035307455,0.19256746,0.21893254
hotspot,400,kmeans_grid,jain_fairness,0.4919443,0.027270976,0.4817623,0.50212631
hotspot,400,kmeans_grid,time_s,0.0054333333,0.00067891055,0.0051798524,0.0056868142
hotspot,400,pso_high_12x16,coverage,0.98116667,0.02237738,0.97281175,0.98952158
hotspot,400,pso_high_12x16,K,26.366667,2.1412747,25.567191,27.166142
hotspot,400,pso_high_12x16,throughput_Mbps,3775.9623,518.87767,3582.2319,3969.6926
hotspot,400,pso_high_12x16,mean_user_rate_Mbps,9.4399057,1.2971942,8.9555799,9.9242316
hotspot,400,pso_high_12x16,p5_rate_Mbps,0.73626829,0.27931314,0.63198277,0.84055382
hotspot,400,pso_high_12x16,qos_violation,0.018833333,0.02237738,0.010478421,0.027188246
hotspot,400,pso_high_12x16,jain_fairness,0.34569352,0.065023955,0.3214159,0.36997114
hotspot,400,pso_high_12x16,time_s,0.5439,0.073143388,0.51659088,0.57120912
hotspot,400,pso_low_3x4,coverage,0.848,0.066161375,0.82329771,0.87270229
hotspot,400,pso_low_3x4,K,26.366667,2.1412747,25.567191,27.166142
hotspot,400,pso_low_3x4,throughput_Mbps,3673.4763,737.94354,3397.9546,3948.998
hotspot,400,pso_low_3x4,mean_user_rate_Mbps,9.1836907,1.8448589,8.4948864,9.872495
hotspot,400,pso_low_3x4,p5_rate_Mbps,0.042124238,0.16034288,-0.017742056,0.10199053
hotspot,400,pso_low_3x4,qos_violation,0.152,0.066161375,0.12729771,0.17670229
hotspot,400,pso_low_3x4,jain_fairness,0.33833297,0.068220561,0.31286185,0.36380409
hotspot,400,pso_low_3x4,time_s,0.0358,0.0045440374,0.034103419,0.037496581
hotspot,400,pso_mid_6x8,coverage,0.92125,0.04107788,0.90591299,0.93658701
hotspot,400,pso_mid_6x8,K,26.366667,2.1412747,25.567191,27.166142
hotspot,400,pso_mid_6x8,throughput_Mbps,3766.6892,599.7398,3542.7678,3990.6105
hotspot,400,pso_mid_6x8,mean_user_rate_Mbps,9.4167229,1.4993495,8.8569195,9.9765264
hotspot,400,pso_mid_6x8,p5_rate_Mbps,0.20733632,0.43176424,0.04613101,0.36854164
hotspot,400,pso_mid_6x8,qos_violation,0.07875,0.04107788,0.06341299,0.09408701
hotspot,400,pso_mid_6x8,jain_fairness,0.34533408,0.064628475,0.32120412,0.36946404
hotspot,400,pso_mid_6x8,time_s,0.13916667,0.022312952,0.13083581,0.14749752
uniform,100,alns_no_refine,coverage,0.99766667,0.0067891055,0.99513186,1.0002015
uniform,100,alns_no_refine,K,6.2666667,0.63968383,6.0278316,6.5055017
uniform,100,alns_no_refine,throughput_Mbps,4896.5226,853.26486,4577.944,5215.1011
uniform,100,alns_no_refine,mean_user_rate_Mbps,48.965226,8.5326486,45.77944,52.151011
uniform,100,alns_no_refine,p5_rate_Mbps,5.9608272,4.4897084,4.2845307,7.6371236
uniform,100,alns_no_refine,qos_violation,0.0023333333,0.0067891055,-0.00020147569,0.0048681424
uniform,100,alns_no_refine,jain_fairness,0.56861961,0.050545624,0.54974769,0.58749154
uniform,100,alns_no_refine,time_s,0.0027666667,0.00056832078,0.002554476,0.0029788573
uniform,100,alns_sca_lite,coverage,0.999,0.0054772256,0.996955,1.001045
uniform,100,alns_sca_lite,K,6.5666667,0.81720015,6.2615534,6.87178
uniform,100,alns_sca_lite,throughput_Mbps,7708.3681,1427.8883,7175.2457,8241.4904
uniform,100,alns_sca_lite,mean_user_rate_Mbps,77.083681,14.278883,71.752457,82.414904
uniform,100,alns_sca_lite,p5_rate_Mbps,12.416952,6.2533498,10.082175,14.751729
uniform,100,alns_sca_lite,qos_violation,0.001,0.0054772256,-0.001045,0.003045
uniform,100,alns_sca_lite,jain_fairness,0.64820947,0.067973838,0.62283047,0.67358847
uniform,100,alns_sca_lite,time_s,0.007,0.00094686415,0.0066464748,0.0073535252
uniform,100,fixed_gno_refine,coverage,0.999,0.0054772256,0.996955,1.001045
uniform,100,fixed_gno_refine,K,10,0,10,10
uniform,100,fixed_gno_refine,throughput_Mbps,8216.4305,1336.625,7717.3826,8715.4784
uniform,100,fixed_gno_refine,mean_user_rate_Mbps,82.164305,13.36625,77.173826,87.154784
uniform,100,fixed_gno_refine,p5_rate_Mbps,18.461996,4.6109394,16.740436,20.183556
uniform,100,fixed_gno_refine,qos_violation,0.001,0.0054772256,-0.001045,0.003045
uniform,100,fixed_gno_refine,jain_fairness,0.74457221,0.054248307,0.72431783,0.76482659
uniform,100,fixed_gno_refine,time_s,0.0051666667,0.00064771925,0.0049248315,0.0054085019
uniform,100,gno,coverage,0.99566667,0.012507469,0.99099683,1.0003365
uniform,100,gno,K,10,0,10,10
uniform,100,gno,throughput_Mbps,3588.5527,609.53397,3360.9745,3816.1309
uniform,100,gno,mean_user_rate_Mbps,35.885527,6.0953397,33.609745,38.161309
uniform,100,gno,p5_rate_Mbps,6.6161069,3.2980478,5.3847339,7.8474799
uniform,100,gno,qos_violation,0.0043333333,0.012507469,-0.00033650796,0.0090031746
uniform,100,gno,jain_fairness,0.59946413,0.064323315,0.57544811,0.62348016
uniform,100,gno,time_s,0.0005,0.00050854763,0.00031012652,0.00068987348
uniform,100,kmeans_grid,coverage,0.93166667,0.030181444,0.920398,0.94293534
uniform,100,kmeans_grid,K,5,0,5,5
uniform,100,kmeans_grid,throughput_Mbps,9617.2799,1157.5127,9185.1061,10049.454
uniform,100,kmeans_grid,mean_user_rate_Mbps,96.172799,11.575127,91.851061,100.49454
uniform,100,kmeans_grid,p5_rate_Mbps,0.25079121,0.57060577,0.037747437,0.46383498
uniform,100,kmeans_grid,qos_violation,0.068333333,0.030181444,0.057064662,0.079602004
uniform,100,kmeans_grid,jain_fairness,0.6006105,0.039455222,0.58587933,0.61534167
uniform,100,kmeans_grid,time_s,0.0005,0.00050854763,0.00031012652,0.00068987348
uniform,100,pso_high_12x16,coverage,1,0,1,1
uniform,100,pso_high_12x16,K,6.5666667,0.81720015,6.2615534,6.87178
uniform,100,pso_high_12x16,throughput_Mbps,10399.05,1255.9346,9930.1286,10867.971
uniform,100,pso_high_12x16,mean_user_rate_Mbps,103.9905,12.559346,99.301286,108.67971
uniform,100,pso_high_12x16,p5_rate_Mbps,13.963752,5.8217605,11.790115,16.137389
uniform,100,pso_high_12x16,qos_violation,0,0,0,0
uniform,100,pso_high_12x16,jain_fairness,0.56127588,0.0583102,0.53950493,0.58304682
uniform,100,pso_high_12x16,time_s,0.024366667,0.0037461091,0.022968004,0.02576533
uniform,100,pso_low_3x4,coverage,0.99466667,0.010080139,0.9909031,0.99843023
uniform,100,pso_low_3x4,K,6.5666667,0.81720015,6.2615534,6.87178
uniform,100,pso_low_3x4,throughput_Mbps,6864.2374,1249.8721,6397.5799,7330.8949
uniform,100,pso_low_3x4,mean_user_rate_Mbps,68.642374,12.498721,63.975799,73.308949
uniform,100,pso_low_3x4,p5_rate_Mbps,9.1121707,6.9422079,6.5201988,11.704143
uniform,100,pso_low_3x4,qos_violation,0.0053333333,0.010080139,0.0015697703,0.0090968963
uniform,100,pso_low_3x4,jain_fairness,0.55548361,0.080915541,0.52527264,0.58569457
uniform,100,pso_low_3x4,time_s,0.0018666667,0.00062881022,0.0016318914,0.0021014419
uniform,100,pso_mid_6x8,coverage,0.99966667,0.0018257419,0.998985,1.0003483
uniform,100,pso_mid_6x8,K,6.5666667,0.81720015,6.2615534,6.87178
uniform,100,pso_mid_6x8,throughput_Mbps,8292.2146,1197.3595,7845.1634,8739.2658
uniform,100,pso_mid_6x8,mean_user_rate_Mbps,82.922146,11.973595,78.451634,87.392658
uniform,100,pso_mid_6x8,p5_rate_Mbps,11.415109,6.0815564,9.1444735,13.685744
uniform,100,pso_mid_6x8,qos_violation,0.00033333333,0.0018257419,-0.00034833333,0.001015
uniform,100,pso_mid_6x8,jain_fairness,0.55650768,0.063509522,0.53279549,0.58021986
uniform,100,pso_mid_6x8,time_s,0.0067333333,0.0010806554,0.0063298553,0.0071368114
uniform,200,alns_no_refine,coverage,0.99833333,0.003555795,0.99700573,0.99966094
uniform,200,alns_no_refine,K,12.666667,1.24106,12.203299,13.130034
uniform,200,alns_no_refine,throughput_Mbps,5422.7357,872.77463,5096.8729,5748.5985
uniform,200,alns_no_refine,mean_user_rate_Mbps,27.113678,4.3638732,25.484364,28.742992
uniform,200,alns_no_refine,p5_rate_Mbps,2.8897735,1.1166813,2.4728447,3.3067024
uniform,200,alns_no_refine,qos_violation,0.0016666667,0.003555795,0.00033906007,0.0029942733
uniform,200,alns_no_refine,jain_fairness,0.52697944,0.043888675,0.51059298,0.5433659
uniform,200,alns_no_refine,time_s,0.0125,0.0014081046,0.011974264,0.013025736
uniform,200,alns_sca_lite,coverage,0.99983333,0.00091287093,0.9994925,1.0001742
uniform,200,alns_sca_lite,K,13.333333,1.0933445,12.925118,13.741549
uniform,200,alns_sca_lite,throughput_Mbps,10717.44,3821.0885,9290.7821,12144.098
uniform,200,alns_sca_lite,mean_user_rate_Mbps,53.587199,19.105443,46.453911,60.720488
uniform,200,alns_sca_lite,p5_rate_Mbps,9.0548943,4.6435391,7.321163,10.788626
uniform,200,alns_sca_lite,qos_violation,0.00016666667,0.00091287093,-0.00017416667,0.0005075
uniform,200,alns_sca_lite,jain_fairness,0.64485436,0.077430384,0.61594463,0.6737641
uniform,200,alns_sca_lite,time_s,0.0245,0.0015920059,0.023905602,0.025094398
uniform,200,fixed_gno_refine,coverage,0.99983333,0.00091287093,0.9994925,1.0001742
uniform,200,fixed_gno_refine,K,20,0,20,20
uniform,200,fixed_gno_refine,throughput_Mbps,11367.326,4704.0267,9611.0109,13123.641
uniform,200,fixed_gno_refine,mean_user_rate_Mbps,56.836631,23.520134,48.055055,65.618207
uniform,200,fixed_gno_refine,p5_rate_Mbps,12.141072,6.8002063,9.6021184,14.680026
uniform,200,fixed_gno_refine,qos_violation,0.00016666667,0.00091287093,-0.00017416667,0.0005075
uniform,200,fixed_gno_refine,jain_fairness,0.69334496,0.099504157,0.65619367,0.73049625
uniform,200,fixed_gno_refine,time_s,0.014666667,0.00099423626,0.014295454,0.015037879
uniform,200,gno,coverage,0.99833333,0.003555795,0.99700573,0.99966094
uniform,200,gno,K,20,0,20,20
uniform,200,gno,throughput_Mbps,4537.114,669.03978,4287.3185,4786.9095
uniform,200,gno,mean_user_rate_Mbps,22.68557,3.3451989,21.436593,23.934548
uniform,200,gno,p5_rate_Mbps,3.2517896,1.0286841,2.8677158,3.6358634
uniform,200,gno,qos_violation,0.0016666667,0.003555795,0.00033906007,0.0029942733
uniform,200,gno,jain_fairness,0.53768903,0.048677088,0.51951475,0.55586331
uniform,200,gno,time_s,0.0014666667,0.00050741626,0.0012772156,0.0016561177
uniform,200,kmeans_grid,coverage,0.92916667,0.031515823,0.91739979,0.94093355
uniform,200,kmeans_grid,K,10,0,10,10
uniform,200,kmeans_grid,throughput_Mbps,13863.586,918.75367,13520.556,14206.616
uniform,200,kmeans_grid,mean_user_rate_Mbps,69.317929,4.5937683,67.60278,71.033078
uniform,200,kmeans_grid,p5_rate_Mbps,0.45611349,1.522033,-0.11215916,1.0243861
uniform,200,kmeans_grid,qos_violation,0.070833333,0.031515823,0.059066453,0.082600214
uniform,200,kmeans_grid,jain_fairness,0.62904238,0.048320179,0.61100135,0.6470834
uniform,200,kmeans_grid,time_s,0.0014,0.00049827288,0.0012139627,0.0015860373
uniform,200,pso_high_12x16,coverage,1,0,1,1
uniform,200,pso_high_12x16,K,13.333333,1.0933445,12.925118,13.741549
uniform,200,pso_high_12x16,throughput_Mbps,9753.7389,886.20008,9422.8635,10084.614
uniform,200,pso_high_12x16,mean_user_rate_Mbps,48.768694,4.4310004,47.114317,50.423071
uniform,200,pso_high_12x16,p5_rate_Mbps,9.6625493,3.2961722,8.4318766,10.893222
uniform,200,pso_high_12x16,qos_violation,0,0,0,0
uniform,200,pso_high_12x16,jain_fairness,0.65792973,0.083612797,0.62671171,0.68914776
uniform,200,pso_high_12x16,time_s,0.10426667,0.010027319,0.10052282,0.10801051
uniform,200,pso_low_3x4,coverage,0.9965,0.0099264537,0.99279382,1.0002062
uniform,200,pso_low_3x4,K,13.333333,1.0933445,12.925118,13.741549
uniform,200,pso_low_3x4,throughput_Mbps,7038.1681,645.91277,6797.0074,7279.3288
uniform,200,pso_low_3x4,mean_user_rate_Mbps,35.190841,3.2295638,33.985037,36.396644
uniform,200,pso_low_3x4,p5_rate_Mbps,4.0550673,2.4002006,3.1589183,4.9512163
uniform,200,pso_low_3x4,qos_violation,0.0035,0.0099264537,-0.00020618254,0.0072061825
uniform,200,pso_low_3x4,jain_fairness,0.56317716,0.115595,0.52001813,0.6063362
uniform,200,pso_low_3x4,time_s,0.0078,0.0010305673,0.0074152231,0.0081847769
uniform,200,pso_mid_6x8,coverage,0.99983333,0.00091287093,0.9994925,1.0001742
uniform,200,pso_mid_6x8,K,13.333333,1.0933445,12.925118,13.741549
uniform,200,pso_mid_6x8,throughput_Mbps,7868.9899,818.3079,7563.463,8174.5168
uniform,200,pso_mid_6x8,mean_user_rate_Mbps,39.344949,4.0915395,37.817315,40.872584
uniform,200,pso_mid_6x8,p5_rate_Mbps,4.9189764,2.7565721,3.889771,5.9481818
uniform,200,pso_mid_6x8,qos_violation,0.00016666667,0.00091287093,-0.00017416667,0.0005075
uniform,200,pso_mid_6x8,jain_fairness,0.60456744,0.10171638,0.56659018,0.64254469
uniform,200,pso_mid_6x8,time_s,0.027066667,0.002651393,0.026076731,0.028056602
uniform,300,alns_no_refine,coverage,0.99611111,0.0056108355,0.99401623,0.998206
uniform,300,alns_no_refine,K,18.7,2.0197303,17.945905,19.454095
uniform,300,alns_no_refine,throughput_Mbps,6149.3236,924.70706,5804.0711,6494.5761
uniform,300,alns_no_refine,mean_user_rate_Mbps,20.497745,3.0823569,19.346904,21.648587
uniform,300,alns_no_refine,p5_rate_Mbps,1.7256451,0.39371345,1.5786466,1.8726436
uniform,300,alns_no_refine,qos_violation,0.003888888,0.0056108355,0.0017940028,0.0059837732
uniform,300,alns_no_refine,jain_fairness,0.4894934,0.049567459,0.47098668,0.50800011
uniform,300,alns_no_refine,time_s,0.0313,0.0029261013,0.030207498,0.032392502
uniform,300,alns_sca_lite,coverage,0.99877778,0.0026957225,0.99777129,0.99978426
uniform,300,alns_sca_lite,K,20.4,1.8495107,19.709459,21.090541
uniform,300,alns_sca_lite,throughput_Mbps,14394.118,6668.2595,11904.429,16883.808
uniform,300,alns_sca_lite,mean_user_rate_Mbps,47.980394,22.227532,39.681429,56.279358
uniform,300,alns_sca_lite,p5_rate_Mbps,8.07989,6.2102617,5.7612006,10.398579
uniform,300,alns_sca_lite,qos_violation,0.0012222217,0.0026957225,0.00021573537,0.002228708
uniform,300,alns_sca_lite,jain_fairness,0.63076974,0.10927012,0.58997218,0.67156729
uniform,300,alns_sca_lite,time_s,0.055533333,0.0038212954,0.054106598,0.056960068
uniform,300,fixed_gno_refine,coverage,0.99822222,0.0041737487,0.99666389,0.99978055
uniform,300,fixed_gno_refine,K,30,0,30,30
uniform,300,fixed_gno_refine,throughput_Mbps,12290.574,7433.9476,9515.0044,15066.144
uniform,300,fixed_gno_refine,mean_user_rate_Mbps,40.968581,24.779825,31.716681,50.220481
uniform,300,fixed_gno_refine,p5_rate_Mbps,8.2954317,7.8762122,5.3547359,11.236127
uniform,300,fixed_gno_refine,qos_violation,0.0017777773,0.0041737487,0.00021944895,0.0033361057
uniform,300,fixed_gno_refine,jain_fairness,0.64232489,0.12517375,0.59558949,0.68906028
uniform,300,fixed_gno_refine,time_s,0.029933333,0.0027156422,0.02891941,0.030947257
uniform,300,gno,coverage,0.99355556,0.0085739222,0.99035436,0.99675675
uniform,300,gno,K,30,0,30,30
uniform,300,gno,throughput_Mbps,5134.8621,596.18503,4912.268,5357.4563
uniform,300,gno,mean_user_rate_Mbps,17.116207,1.9872834,16.374227,17.858188
uniform,300,gno,p5_rate_Mbps,1.9381969,0.53327348,1.7390917,2.1373022
uniform,300,gno,qos_violation,0.0064444437,0.0085739222,0.003243248,0.0096456394
uniform,300,gno,jain_fairness,0.51979712,0.050252659,0.50103458,0.53855967
uniform,300,gno,time_s,0.0029,0.0004025779,0.0027496918,0.0030503082
uniform,300,kmeans_grid,coverage,0.92377778,0.021167701,0.91587452,0.93168104
uniform,300,kmeans_grid,K,15,0,15,15
uniform,300,kmeans_grid,throughput_Mbps,20039.56,960.06825,19681.105,20398.016
uniform,300,kmeans_grid,mean_user_rate_Mbps,66.798535,3.2002275,65.603684,67.993385
uniform,300,kmeans_grid,p5_rate_Mbps,0.05896853,0.23393286,-0.028373628,0.14631069
uniform,300,kmeans_grid,qos_violation,0.076222222,0.021167701,0.06831896,0.084125483
uniform,300,kmeans_grid,jain_fairness,0.63823578,0.023663573,0.62940064,0.64707091
uniform,300,kmeans_grid,time_s,0.0029,0.00054772256,0.0026955,0.0031045
uniform,300,pso_high_12x16,coverage,1,0,1,1
uniform,300,pso_high_12x16,K,20.4,1.8495107,19.709459,21.090541
uniform,300,pso_high_12x16,throughput_Mbps,10511.311,1039.9555,10123.029,10899.594
uniform,300,pso_high_12x16,mean_user_rate_Mbps,35.037705,3.4665183,33.743431,36.331979
uniform,300,pso_high_12x16,p5_rate_Mbps,6.7825619,2.8512638,5.718002,7.8471217
uniform,300,pso_high_12x16,qos_violation,0,0,0,0
uniform,300,pso_high_12x16,jain_fairness,0.64264206,0.060239046,0.62015096,0.66513316
uniform,300,pso_high_12x16,time_s,0.24426667,0.025101083,0.23489482,0.25363851
uniform,300,pso_low_3x4,coverage,0.99788889,0.0041507352,0.99633915,0.99943863
uniform,300,pso_low_3x4,K,20.4,1.8495107,19.709459,21.090541
uniform,300,pso_low_3x4,throughput_Mbps,7906.8367,1036.8545,7519.7123,8293.961
uniform,300,pso_low_3x4,mean_user_rate_Mbps,26.356122,3.4561815,25.065708,27.646537
uniform,300,pso_low_3x4,p5_rate_Mbps,4.7329184,2.187499,3.9161846,5.5496522
uniform,300,pso_low_3x4,qos_violation,0.0021111107,0.0041507352,0.00056137469,0.0036608466
uniform,300,pso_low_3x4,jain_fairness,0.63828118,0.057955686,0.6166426,0.65991976
uniform,300,pso_low_3x4,time_s,0.017933333,0.0025316389,0.01698811,0.018878557
uniform,300,pso_mid_6x8,coverage,0.99977778,0.00084569293,0.99946203,1.0000935
uniform,300,pso_mid_6x8,K,20.4,1.8495107,19.709459,21.090541
uniform,300,pso_mid_6x8,throughput_Mbps,8973.7166,905.69434,8635.5628,9311.8705
uniform,300,pso_mid_6x8,mean_user_rate_Mbps,29.912389,3.0189811,28.785209,31.039568
uniform,300,pso_mid_6x8,p5_rate_Mbps,5.8447681,2.2098488,5.0196897,6.6698466
uniform,300,pso_mid_6x8,qos_violation,0.000222222,0.00084569293,-9.3529471e-05,0.00053797347
uniform,300,pso_mid_6x8,jain_fairness,0.64936955,0.065424373,0.62494243,0.67379667
uniform,300,pso_mid_6x8,time_s,0.0639,0.0072414039,0.061196319,0.066603681
uniform,400,alns_no_refine,coverage,0.99558333,0.0044857693,0.99390851,0.99725816
uniform,400,alns_no_refine,K,26.933333,2.9703516,25.82431,28.042356
uniform,400,alns_no_refine,throughput_Mbps,7028.2031,964.77793,6667.9895,7388.4166
uniform,400,alns_no_refine,mean_user_rate_Mbps,17.570508,2.4119448,16.669974,18.471042
uniform,400,alns_no_refine,p5_rate_Mbps,1.6687061,0.56019461,1.4595495,1.8778628
uniform,400,alns_no_refine,qos_violation,0.0044166667,0.0044857693,0.0027418409,0.0060914924
uniform,400,alns_no_refine,jain_fairness,0.49092554,0.041676213,0.47536514,0.50648595
uniform,400,alns_no_refine,time_s,0.067233333,0.018492652,0.060328839,0.074137828
uniform,400,alns_sca_lite,coverage,0.99833333,0.0023973165,0.99743826,0.99922841
uniform,400,alns_sca_lite,K,28.133333,2.4597916,27.214935,29.051731
uniform,400,alns_sca_lite,throughput_Mbps,13745.446,8201.235,10683.398,16807.494
uniform,400,alns_sca_lite,mean_user_rate_Mbps,34.363615,20.503087,26.708496,42.018734
uniform,400,alns_sca_lite,p5_rate_Mbps,5.3138157,5.7588127,3.1636812,7.4639503
uniform,400,alns_sca_lite,qos_violation,0.0016666667,0.0023973165,0.00077159448,0.0025617389
uniform,400,alns_sca_lite,jain_fairness,0.58816079,0.1019808,0.5500848,0.62623677
uniform,400,alns_sca_lite,time_s,0.10786667,0.0075188652,0.10505939,0.11067394
uniform,400,fixed_gno_refine,coverage,0.99766667,0.0029312035,0.99657226,0.99876107
uniform,400,fixed_gno_refine,K,40,0,40,40
uniform,400,fixed_gno_refine,throughput_Mbps,11458.627,7841.0793,8531.0486,14386.205
uniform,400,fixed_gno_refine,mean_user_rate_Mbps,28.646567,19.602698,21.327622,35.965513
uniform,400,fixed_gno_refine,p5_rate_Mbps,5.4597774,6.6158837,2.9896432,7.9299116
uniform,400,fixed_gno_refine,qos_violation,0.0023333333,0.0029312035,0.0012389268,0.0034277398
uniform,400,fixed_gno_refine,jain_fairness,0.59353646,0.11759027,0.54963246,0.63744046
uniform,400,fixed_gno_refine,time_s,0.053166667,0.0042433179,0.051582364,0.05475097
uniform,400,gno,coverage,0.99441667,0.0048991261,0.99258751,0.99624583
uniform,400,gno,K,40,0,40,40
uniform,400,gno,throughput_Mbps,5918.6132,744.6279,5640.5958,6196.6306
uniform,400,gno,mean_user_rate_Mbps,14.796533,1.8615698,14.10149,15.491577
uniform,400,gno,p5_rate_Mbps,1.6825333,0.48853953,1.5001301,1.8649365
uniform,400,gno,qos_violation,0.0055833333,0.0048991261,0.003754175,0.0074124917
uniform,400,gno,jain_fairness,0.50591644,0.048688476,0.48773791,0.52409498
uniform,400,gno,time_s,0.0054333333,0.0010726485,0.0050328448,0.0058338219
uniform,400,kmeans_grid,coverage,0.92025,0.025649746,0.9106733,0.9298267
uniform,400,kmeans_grid,K,20,0,20,20
uniform,400,kmeans_grid,throughput_Mbps,25608.353,1326.9122,25112.932,26103.775
uniform,400,kmeans_grid,mean_user_rate_Mbps,64.020883,3.3172805,62.782329,65.259437
uniform,400,kmeans_grid,p5_rate_Mbps,0.061918575,0.339142,-0.064704911,0.18854206
uniform,400,kmeans_grid,qos_violation,0.07975,0.025649746,0.070173303,0.089326697
uniform,400,kmeans_grid,jain_fairness,0.64903748,0.028316002,0.6384653,0.65960967
uniform,400,kmeans_grid,time_s,0.0048666667,0.00086036613,0.0045454367,0.0051878966
uniform,400,pso_high_12x16,coverage,1,0,1,1
uniform,400,pso_high_12x16,K,28.133333,2.4597916,27.214935,29.051731
uniform,400,pso_high_12x16,throughput_Mbps,11343.631,992.82967,10972.944,11714.318
uniform,400,pso_high_12x16,mean_user_rate_Mbps,28.359078,2.4820742,27.432361,29.285796
uniform,400,pso_high_12x16,p5_rate_Mbps,6.1529178,1.9160063,5.4375496,6.8682859
uniform,400,pso_high_12x16,qos_violation,0,0,0,0
uniform,400,pso_high_12x16,jain_fairness,0.64267812,0.050123299,0.62396387,0.66139237
uniform,400,pso_high_12x16,time_s,0.47816667,0.069572132,0.45219092,0.50414241
uniform,400,pso_low_3x4,coverage,0.99891667,0.0022440855,0.99807881,0.99975453
uniform,400,pso_low_3x4,K,28.133333,2.4597916,27.214935,29.051731
uniform,400,pso_low_3x4,throughput_Mbps,8297.0513,791.75018,8001.4401,8592.6625
uniform,400,pso_low_3x4,mean_user_rate_Mbps,20.742628,1.9793755,20.0036,21.481656
uniform,400,pso_low_3x4,p5_rate_Mbps,4.5146447,1.7565129,3.8588256,5.1704638
uniform,400,pso_low_3x4,qos_violation,0.0010833333,0.0022440855,0.00024547214,0.0019211945
uniform,400,pso_low_3x4,jain_fairness,0.66978915,0.040700534,0.65459302,0.68498527
uniform,400,pso_low_3x4,time_s,0.036233333,0.0070156639,0.033613936,0.038852731
uniform,400,pso_mid_6x8,coverage,1,0,1,1
uniform,400,pso_mid_6x8,K,28.133333,2.4597916,27.214935,29.051731
uniform,400,pso_mid_6x8,throughput_Mbps,9579.418,895.68336,9245.0019,9913.8342
uniform,400,pso_mid_6x8,mean_user_rate_Mbps,23.948545,2.2392084,23.112505,24.784585
uniform,400,pso_mid_6x8,p5_rate_Mbps,5.0551332,1.8149573,4.3774931,5.7327733
uniform,400,pso_mid_6x8,qos_violation,0,0,0,0
uniform,400,pso_mid_6x8,jain_fairness,0.64898683,0.046756218,0.63152973,0.66644393
uniform,400,pso_mid_6x8,time_s,0.1261,0.017422439,0.11959508,0.13260492
